cluster_hdbscan,variable,count,media,mediana,desviacion_estandar,minimo,p25,p75,maximo,coeficiente_variacion
-1,superficie_util,4300,54.23632558139534,50.5,21.69499877485446,17.4,42.7,58.824999999999996,312.1,0.4000086389019039
-1,u_norm_muro_principal,4283,2.1824655615222976,1.9,0.8711839672694048,0.6,1.7,1.9,4.0,0.3991742104107901
-1,u_norm_muro_secundario,4283,2.1824655615222976,1.9,0.8711839672694048,0.6,1.7,1.9,4.0,0.3991742104107901
-1,u_norm_techo_principal,4283,0.48003969180480965,0.47,0.17895193688579686,0.0,0.38,0.47,0.84,0.3727857090587439
-1,u_norm_techo_secundario,4283,0.48003969180480965,0.47,0.17895193688579686,0.0,0.38,0.47,0.84,0.3727857090587439
0,superficie_util,63,52.2063492063492,52.5,4.17302678948572,41.7,50.1,54.4,74.9,0.07993331947023422
0,u_norm_muro_principal,63,2.603174603174603,3.0,0.548007609426876,1.7,1.9,3.0,3.0,0.2105151182554463
0,u_norm_muro_secundario,63,2.603174603174603,3.0,0.548007609426876,1.7,1.9,3.0,3.0,0.2105151182554463
0,u_norm_techo_principal,63,0.5488888888888891,0.6,0.07331133589920569,0.38,0.47,0.6,0.6,0.13356316256940304
0,u_norm_techo_secundario,63,0.5488888888888891,0.6,0.07331133589920569,0.38,0.47,0.6,0.6,0.13356316256940304
1,superficie_util,85,67.01294117647059,72.6,13.278937746486728,51.6,52.2,77.8,91.7,0.19815482671501058
1,u_norm_muro_principal,85,1.6588235294117641,1.7,0.1656833739159028,1.0,1.7,1.7,1.7,0.0998800481053315
1,u_norm_muro_secundario,85,1.6588235294117641,1.7,0.1656833739159028,1.0,1.7,1.7,1.7,0.0998800481053315
1,u_norm_techo_principal,85,0.3576470588235293,0.38,0.08994240298291867,0.0,0.38,0.38,0.38,0.25148369255092395
1,u_norm_techo_secundario,85,0.3576470588235293,0.38,0.08994240298291867,0.0,0.38,0.38,0.38,0.25148369255092395
2,superficie_util,185,52.15027027027027,45.7,19.798921589879818,20.8,38.9,66.8,100.3,0.3796513706884229
2,u_norm_muro_principal,185,1.0,1.0,0.0,1.0,1.0,1.0,1.0,0.0
2,u_norm_muro_secundario,185,1.0,1.0,0.0,1.0,1.0,1.0,1.0,0.0
2,u_norm_techo_principal,185,0.0,0.0,0.0,0.0,0.0,0.0,0.0,
2,u_norm_techo_secundario,185,0.0,0.0,0.0,0.0,0.0,0.0,0.0,
3,superficie_util,181,50.70441988950276,51.5,5.099660372181877,38.7,48.3,53.0,83.8,0.1005762492361667
3,u_norm_muro_principal,181,4.0,4.0,0.0,4.0,4.0,4.0,4.0,0.0
3,u_norm_muro_secundario,181,4.0,4.0,0.0,4.0,4.0,4.0,4.0,0.0
3,u_norm_techo_principal,181,0.8400000000000001,0.84,1.1133027060603095e-16,0.84,0.84,0.84,0.84,1.3253603643575113e-16
3,u_norm_techo_secundario,181,0.8400000000000001,0.84,1.1133027060603095e-16,0.84,0.84,0.84,0.84,1.3253603643575113e-16
4,superficie_util,66,50.348484848484844,50.8,5.429668991872834,28.8,47.5,55.075,55.4,0.10784175548107346
4,u_norm_muro_principal,66,4.0,4.0,0.0,4.0,4.0,4.0,4.0,0.0
4,u_norm_muro_secundario,66,4.0,4.0,0.0,4.0,4.0,4.0,4.0,0.0
4,u_norm_techo_principal,66,0.8400000000000001,0.84,1.1187306051669373e-16,0.84,0.84,0.84,0.84,1.3318221490082586e-16
4,u_norm_techo_secundario,66,0.8400000000000001,0.84,1.1187306051669373e-16,0.84,0.84,0.84,0.84,1.3318221490082586e-16
5,superficie_util,87,54.63908045977013,55.0,1.6711892661270868,51.2,53.099999999999994,55.6,57.8,0.030585969823514077
5,u_norm_muro_principal,87,4.0,4.0,0.0,4.0,4.0,4.0,4.0,0.0
5,u_norm_muro_secundario,87,4.0,4.0,0.0,4.0,4.0,4.0,4.0,0.0
5,u_norm_techo_principal,87,0.8400000000000003,0.84,3.3499774621444765e-16,0.84,0.84,0.84,0.84,3.9880684073148517e-16
5,u_norm_techo_secundario,87,0.8400000000000003,0.84,3.3499774621444765e-16,0.84,0.84,0.84,0.84,3.9880684073148517e-16
6,superficie_util,79,60.18101265822785,60.0,0.6639192006305585,57.8,59.6,60.5,61.8,0.011032037702672134
6,u_norm_muro_principal,79,4.0,4.0,0.0,4.0,4.0,4.0,4.0,0.0
6,u_norm_muro_secundario,79,4.0,4.0,0.0,4.0,4.0,4.0,4.0,0.0
6,u_norm_techo_principal,79,0.8400000000000002,0.84,2.2346343472842473e-16,0.84,0.84,0.84,0.84,2.6602789848621984e-16
6,u_norm_techo_secundario,79,0.8400000000000002,0.84,2.2346343472842473e-16,0.84,0.84,0.84,0.84,2.6602789848621984e-16
7,superficie_util,57,78.2105263157895,79.4,13.319262155273552,61.3,62.5,91.6,93.4,0.17030012176998482
7,u_norm_muro_principal,57,1.7,1.7,0.0,1.7,1.7,1.7,1.7,0.0
7,u_norm_muro_secundario,57,1.7,1.7,0.0,1.7,1.7,1.7,1.7,0.0
7,u_norm_techo_principal,57,0.37999999999999995,0.38,5.600459339071406e-17,0.38,0.38,0.38,0.38,1.4738050892293177e-16
7,u_norm_techo_secundario,57,0.37999999999999995,0.38,5.600459339071406e-17,0.38,0.38,0.38,0.38,1.4738050892293177e-16
8,superficie_util,85,32.37882352941176,28.4,7.9479271648957255,21.5,28.1,41.2,52.2,0.24546682981474338
8,u_norm_muro_principal,85,1.9000000000000004,1.9,4.467247772604635e-16,1.9,1.9,1.9,1.9,2.3511830382129653e-16
8,u_norm_muro_secundario,85,1.9000000000000004,1.9,4.467247772604635e-16,1.9,1.9,1.9,1.9,2.3511830382129653e-16
8,u_norm_techo_principal,85,0.4699999999999998,0.47,1.6752179147267382e-16,0.47,0.47,0.47,0.47,3.564293435588806e-16
8,u_norm_techo_secundario,85,0.4699999999999998,0.47,1.6752179147267382e-16,0.47,0.47,0.47,0.47,3.564293435588806e-16
9,superficie_util,52,67.6673076923077,64.8,12.341381388245637,49.8,61.3,78.2,93.4,0.18238321885604714
9,u_norm_muro_principal,52,1.7000000000000002,1.7,2.2421094505338303e-16,1.7,1.7,1.7,1.7,1.3188879120787237e-16
9,u_norm_muro_secundario,52,1.7000000000000002,1.7,2.2421094505338303e-16,1.7,1.7,1.7,1.7,1.3188879120787237e-16
9,u_norm_techo_principal,52,0.3799999999999999,0.38,1.1210547252669152e-16,0.38,0.38,0.38,0.38,2.9501440138603037e-16
9,u_norm_techo_secundario,52,0.3799999999999999,0.38,1.1210547252669152e-16,0.38,0.38,0.38,0.38,2.9501440138603037e-16
10,superficie_util,58,60.12758620689656,58.6,9.970144786001931,45.0,53.275,62.0,85.0,0.16581648150143716
10,u_norm_muro_principal,58,1.9000000000000004,1.9,4.479677918737264e-16,1.9,1.9,1.9,1.9,2.3577252203880334e-16
10,u_norm_muro_secundario,58,1.9000000000000004,1.9,4.479677918737264e-16,1.9,1.9,1.9,1.9,2.3577252203880334e-16
10,u_norm_techo_principal,58,0.46999999999999986,0.47,1.119919479684316e-16,0.47,0.47,0.47,0.47,2.382807403583652e-16
10,u_norm_techo_secundario,58,0.46999999999999986,0.47,1.119919479684316e-16,0.47,0.47,0.47,0.47,2.382807403583652e-16
11,superficie_util,129,48.14496124031008,48.0,5.955459171533162,32.2,43.9,52.4,69.5,0.12369849342711416
11,u_norm_muro_principal,129,2.0930232558139537,1.9,0.45037936205763457,1.7,1.9,1.9,3.0,0.21518125076086983
11,u_norm_muro_secundario,129,2.0930232558139537,1.9,0.45037936205763457,1.7,1.9,1.9,3.0,0.21518125076086983
11,u_norm_techo_principal,129,0.4861240310077518,0.47,0.06214034113298728,0.38,0.47,0.47,0.6,0.12782816147592668
11,u_norm_techo_secundario,129,0.4861240310077518,0.47,0.06214034113298728,0.38,0.47,0.47,0.6,0.12782816147592668
12,superficie_util,83,37.13132530120482,37.6,8.740778104991199,22.6,28.9,40.6,57.4,0.23540172708857182
12,u_norm_muro_principal,83,1.9000000000000001,1.9,2.2339443258544005e-16,1.9,1.9,1.9,1.9,1.175760171502316e-16
12,u_norm_muro_secundario,83,1.9000000000000001,1.9,2.2339443258544005e-16,1.9,1.9,1.9,1.9,1.175760171502316e-16
12,u_norm_techo_principal,83,0.4699999999999998,0.47,1.6754582443908003e-16,0.47,0.47,0.47,0.47,3.5648047752995767e-16
12,u_norm_techo_secundario,83,0.4699999999999998,0.47,1.6754582443908003e-16,0.47,0.47,0.47,0.47,3.5648047752995767e-16
13,superficie_util,78,40.01153846153847,40.8,11.64369268834331,25.0,29.525,45.6,97.3,0.29100837248575023
13,u_norm_muro_principal,78,1.9000000000000006,1.9,6.704454055131267e-16,1.9,1.9,1.9,1.9,3.5286600290164555e-16
13,u_norm_muro_secundario,78,1.9000000000000006,1.9,6.704454055131267e-16,1.9,1.9,1.9,1.9,3.5286600290164555e-16
13,u_norm_techo_principal,78,0.46999999999999975,0.47,2.234818018377089e-16,0.47,0.47,0.47,0.47,4.754931953993809e-16
13,u_norm_techo_secundario,78,0.46999999999999975,0.47,2.234818018377089e-16,0.47,0.47,0.47,0.47,4.754931953993809e-16
14,superficie_util,82,63.52682926829268,54.1,18.965120999184286,38.7,49.5,79.425,102.1,0.2985371884230038
14,u_norm_muro_principal,82,1.6658536585365848,1.7,0.04771187236136972,1.6,1.6,1.7,1.7,0.028641094682520633
14,u_norm_muro_secundario,82,1.6658536585365848,1.7,0.04771187236136972,1.6,1.6,1.7,1.7,0.028641094682520633
14,u_norm_techo_principal,82,0.3629268292682926,0.38,0.02385593618068489,0.33,0.33,0.38,0.38,0.06573208221828498
14,u_norm_techo_secundario,82,0.3629268292682926,0.38,0.02385593618068489,0.33,0.33,0.38,0.38,0.06573208221828498
15,superficie_util,68,62.53529411764707,58.3,13.192702242130576,45.3,51.3,69.8,87.2,0.21096410320404455
15,u_norm_muro_principal,68,1.673529411764706,1.7,0.044445663820946925,1.6,1.6,1.7,1.7,0.02655804165047795
15,u_norm_muro_secundario,68,1.673529411764706,1.7,0.044445663820946925,1.6,1.6,1.7,1.7,0.02655804165047795
15,u_norm_techo_principal,68,0.3667647058823528,0.38,0.022222831910473487,0.33,0.33,0.38,0.38,0.060591522450368786
15,u_norm_techo_secundario,68,0.3667647058823528,0.38,0.022222831910473487,0.33,0.33,0.38,0.38,0.060591522450368786
16,superficie_util,92,50.15108695652174,44.5,10.169049082638097,42.6,44.375,51.6,81.7,0.2027682688403964
16,u_norm_muro_principal,92,1.69891304347826,1.7,0.010425720702853723,1.6,1.7,1.7,1.7,0.006136700605646468
16,u_norm_muro_secundario,92,1.69891304347826,1.7,0.010425720702853723,1.6,1.7,1.7,1.7,0.006136700605646468
16,u_norm_techo_principal,92,0.3794565217391305,0.38,0.005212860351426867,0.33,0.38,0.38,0.38,0.013737701298518238
16,u_norm_techo_secundario,92,0.3794565217391305,0.38,0.005212860351426867,0.33,0.38,0.38,0.38,0.013737701298518238
17,superficie_util,80,47.42375,48.7,3.010540291725269,42.6,44.8,48.7,52.8,0.06348170045020204
17,u_norm_muro_principal,80,1.1312499999999999,1.1,0.12179433796155582,1.1,1.1,1.1,1.6,0.1076635031704361
17,u_norm_muro_secundario,80,1.1312499999999999,1.1,0.12179433796155582,1.1,1.1,1.1,1.6,0.1076635031704361
17,u_norm_techo_principal,80,0.28312500000000007,0.28,0.012179433796155577,0.28,0.28,0.28,0.33,0.04301786771269077
17,u_norm_techo_secundario,80,0.28312500000000007,0.28,0.012179433796155577,0.28,0.28,0.28,0.33,0.04301786771269077
18,superficie_util,73,38.60958904109589,39.0,10.251804236647564,19.9,28.4,46.2,63.6,0.26552482145654505
18,u_norm_muro_principal,73,1.9000000000000001,1.9,2.235812641248164e-16,1.9,1.9,1.9,1.9,1.1767434953937705e-16
18,u_norm_muro_secundario,73,1.9000000000000001,1.9,2.235812641248164e-16,1.9,1.9,1.9,1.9,1.1767434953937705e-16
18,u_norm_techo_principal,73,0.46999999999999986,0.47,1.117906320624082e-16,0.47,0.47,0.47,0.47,2.3785240864342176e-16
18,u_norm_techo_secundario,73,0.46999999999999986,0.47,1.117906320624082e-16,0.47,0.47,0.47,0.47,2.3785240864342176e-16
19,superficie_util,87,44.331034482758625,41.8,4.489271716582628,39.2,41.4,47.7,57.5,0.1012670191201744
19,u_norm_muro_principal,87,1.6264367816091945,1.6,0.04435525221237998,1.6,1.6,1.7,1.7,0.027271427155314915
19,u_norm_muro_secundario,87,1.6264367816091945,1.6,0.04435525221237998,1.6,1.6,1.7,1.7,0.027271427155314915
19,u_norm_techo_principal,87,0.3432183908045976,0.33,0.02217762610619001,0.33,0.33,0.38,0.38,0.06461666012185303
19,u_norm_techo_secundario,87,0.3432183908045976,0.33,0.02217762610619001,0.33,0.33,0.38,0.38,0.06461666012185303
20,superficie_util,56,48.21071428571429,50.3,4.023959089410171,42.7,42.7,50.3,58.6,0.08346607489701814
20,u_norm_muro_principal,56,1.4392857142857143,1.6,0.23562572126039322,1.1,1.1,1.6,1.6,0.16371017854320125
20,u_norm_muro_secundario,56,1.4392857142857143,1.6,0.23562572126039322,1.1,1.1,1.6,1.6,0.16371017854320125
20,u_norm_techo_principal,56,0.31392857142857145,0.33,0.023562572126039315,0.28,0.28,0.33,0.33,0.07505711257441419
20,u_norm_techo_secundario,56,0.31392857142857145,0.33,0.023562572126039315,0.28,0.28,0.33,0.33,0.07505711257441419
21,superficie_util,116,47.331034482758625,48.2,2.8448401435368678,43.3,46.1,48.3,61.5,0.060105175697631616
21,u_norm_muro_principal,116,1.699999999999999,1.7,8.920317064243916e-16,1.7,1.7,1.7,1.7,5.247245331908189e-16
21,u_norm_muro_secundario,116,1.699999999999999,1.7,8.920317064243916e-16,1.7,1.7,1.7,1.7,5.247245331908189e-16
21,u_norm_techo_principal,116,0.38000000000000006,0.38,5.575198165152448e-17,0.38,0.38,0.38,0.38,1.4671574118822228e-16
21,u_norm_techo_secundario,116,0.38000000000000006,0.38,5.575198165152448e-17,0.38,0.38,0.38,0.38,1.4671574118822228e-16
22,superficie_util,93,47.902150537634405,52.2,8.420200587492786,29.5,43.9,52.2,66.0,0.1757791767799118
22,u_norm_muro_principal,93,1.487096774193548,1.6,0.21018925553332876,1.1,1.6,1.6,1.6,0.14134201565147925
22,u_norm_muro_secundario,93,1.487096774193548,1.6,0.21018925553332876,1.1,1.6,1.6,1.6,0.14134201565147925
22,u_norm_techo_principal,93,0.31870967741935485,0.33,0.021018925553332873,0.28,0.33,0.33,0.33,0.06595007005600395
22,u_norm_techo_secundario,93,0.31870967741935485,0.33,0.021018925553332873,0.28,0.33,0.33,0.33,0.06595007005600395
23,superficie_util,81,50.58395061728395,50.2,1.045042677372971,49.8,49.8,52.2,52.3,0.020659570172360007
23,u_norm_muro_principal,81,1.353086419753086,1.6,0.2515384760593727,1.1,1.1,1.6,1.6,0.18589978613877
23,u_norm_muro_secundario,81,1.353086419753086,1.6,0.2515384760593727,1.1,1.1,1.6,1.6,0.18589978613877
23,u_norm_techo_principal,81,0.3053086419753087,0.33,0.025153847605937262,0.28,0.28,0.33,0.33,0.08238825944524536
23,u_norm_techo_secundario,81,0.3053086419753087,0.33,0.025153847605937262,0.28,0.28,0.33,0.33,0.08238825944524536
24,superficie_util,92,54.12065217391304,53.7,4.652720769507473,32.6,53.4,57.7,58.2,0.08596941431075648
24,u_norm_muro_principal,92,1.7391304347826078,1.7,0.0797751258970915,1.7,1.7,1.7,1.9,0.045870697390827636
24,u_norm_muro_secundario,92,1.7391304347826078,1.7,0.0797751258970915,1.7,1.7,1.7,1.9,0.045870697390827636
24,u_norm_techo_principal,92,0.397608695652174,0.38,0.03589880665369116,0.38,0.38,0.38,0.47,0.09028677452541242
24,u_norm_techo_secundario,92,0.397608695652174,0.38,0.03589880665369116,0.38,0.38,0.38,0.47,0.09028677452541242
25,superficie_util,57,48.457894736842114,48.3,5.128559647713028,44.1,44.3,53.3,64.0,0.10583537884929675
25,u_norm_muro_principal,57,1.7,1.7,0.0,1.7,1.7,1.7,1.7,0.0
25,u_norm_muro_secundario,57,1.7,1.7,0.0,1.7,1.7,1.7,1.7,0.0
25,u_norm_techo_principal,57,0.37999999999999995,0.38,5.600459339071406e-17,0.38,0.38,0.38,0.38,1.4738050892293177e-16
25,u_norm_techo_secundario,57,0.37999999999999995,0.38,5.600459339071406e-17,0.38,0.38,0.38,0.38,1.4738050892293177e-16
26,superficie_util,56,51.973214285714285,54.0,3.219965616497879,46.1,51.7,54.0,55.7,0.0619543289894799
26,u_norm_muro_principal,56,1.6339285714285714,1.6,0.04777517694857369,1.6,1.6,1.7,1.7,0.029239452558689906
26,u_norm_muro_secundario,56,1.6339285714285714,1.6,0.04777517694857369,1.6,1.6,1.7,1.7,0.029239452558689906
26,u_norm_techo_principal,56,0.3469642857142857,0.33,0.02388758847428687,0.33,0.33,0.38,0.38,0.06884739858775424
26,u_norm_techo_secundario,56,0.3469642857142857,0.33,0.02388758847428687,0.33,0.33,0.38,0.38,0.06884739858775424
27,superficie_util,134,48.861194029850736,46.2,4.363690072034918,46.1,46.2,48.3,60.8,0.08930788857449966
27,u_norm_muro_principal,134,1.693283582089552,1.7,0.025124535514443196,1.6,1.7,1.7,1.7,0.014837760065823661
27,u_norm_muro_secundario,134,1.693283582089552,1.7,0.025124535514443196,1.6,1.7,1.7,1.7,0.014837760065823661
27,u_norm_techo_principal,134,0.376641791044776,0.38,0.012562267757221612,0.33,0.38,0.38,0.38,0.03335335604255392
27,u_norm_techo_secundario,134,0.376641791044776,0.38,0.012562267757221612,0.33,0.38,0.38,0.38,0.03335335604255392
28,superficie_util,129,40.32248062015504,40.4,14.015199563275923,17.3,30.8,47.0,101.1,0.3475778113777672
28,u_norm_muro_principal,129,1.9000000000000001,1.9,2.2291027918243403e-16,1.9,1.9,1.9,1.9,1.1732119956970212e-16
28,u_norm_muro_secundario,129,1.9000000000000001,1.9,2.2291027918243403e-16,1.9,1.9,1.9,1.9,1.1732119956970212e-16
28,u_norm_techo_principal,129,0.46999999999999986,0.47,1.1145513959121702e-16,0.47,0.47,0.47,0.47,2.371385948749299e-16
28,u_norm_techo_secundario,129,0.46999999999999986,0.47,1.1145513959121702e-16,0.47,0.47,0.47,0.47,2.371385948749299e-16
29,superficie_util,63,50.842857142857156,52.3,2.5209262433526205,47.7,48.15,52.3,57.6,0.049582702173274346
29,u_norm_muro_principal,63,1.661904761904762,1.7,0.04895215382447737,1.6,1.6,1.7,1.7,0.02945545072533022
29,u_norm_muro_secundario,63,1.661904761904762,1.7,0.04895215382447737,1.6,1.6,1.7,1.7,0.02945545072533022
29,u_norm_techo_principal,63,0.3609523809523808,0.38,0.024476076912238708,0.33,0.33,0.38,0.38,0.06780971176213893
29,u_norm_techo_secundario,63,0.3609523809523808,0.38,0.024476076912238708,0.33,0.33,0.38,0.38,0.06780971176213893
30,superficie_util,60,34.30166666666666,31.15,6.226664685635852,19.1,30.5,39.5,46.6,0.1815265930412279
30,u_norm_muro_principal,60,1.9000000000000006,1.9,6.717552968410844e-16,1.9,1.9,1.9,1.9,3.5355541939004427e-16
30,u_norm_muro_secundario,60,1.9000000000000006,1.9,6.717552968410844e-16,1.9,1.9,1.9,1.9,3.5355541939004427e-16
30,u_norm_techo_principal,60,0.4699999999999998,0.47,1.679388242102711e-16,0.47,0.47,0.47,0.47,3.573166472558961e-16
30,u_norm_techo_secundario,60,0.4699999999999998,0.47,1.679388242102711e-16,0.47,0.47,0.47,0.47,3.573166472558961e-16
31,superficie_util,53,46.72641509433962,45.7,6.56295404124241,31.9,42.4,49.5,65.3,0.14045490175079658
31,u_norm_muro_principal,53,1.7000000000000002,1.7,2.241694820950898e-16,1.7,1.7,1.7,1.7,1.3186440123240577e-16
31,u_norm_muro_secundario,53,1.7000000000000002,1.7,2.241694820950898e-16,1.7,1.7,1.7,1.7,1.3186440123240577e-16
31,u_norm_techo_principal,53,0.3799999999999999,0.38,1.120847410475449e-16,0.38,0.38,0.38,0.38,2.949598448619604e-16
31,u_norm_techo_secundario,53,0.3799999999999999,0.38,1.120847410475449e-16,0.38,0.38,0.38,0.38,2.949598448619604e-16
32,superficie_util,78,47.011538461538464,49.4,8.162664143163425,17.5,44.050000000000004,52.075,74.3,0.17363107888591103
32,u_norm_muro_principal,78,1.5999999999999994,1.6,6.704454055131267e-16,1.6,1.6,1.6,1.6,4.1902837844570437e-16
32,u_norm_muro_secundario,78,1.5999999999999994,1.6,6.704454055131267e-16,1.6,1.6,1.6,1.6,4.1902837844570437e-16
32,u_norm_techo_principal,78,0.3299999999999999,0.33,1.1174090091885446e-16,0.33,0.33,0.33,0.33,3.3860879066319543e-16
32,u_norm_techo_secundario,78,0.3299999999999999,0.33,1.1174090091885446e-16,0.33,0.33,0.33,0.33,3.3860879066319543e-16
33,superficie_util,192,78.09114583333333,68.5,26.618046367032075,46.5,63.1,87.1,194.0,0.3408586989342154
33,u_norm_muro_principal,192,1.8437499999999993,1.9,0.09015693124385332,1.7,1.7,1.9,1.9,0.048898674572937416
33,u_norm_muro_secundario,192,1.8437499999999993,1.9,0.09015693124385332,1.7,1.7,1.9,1.9,0.048898674572937416
33,u_norm_techo_principal,192,0.44468749999999985,0.47,0.04057061905973399,0.38,0.38,0.47,0.47,0.09123399929103923
33,u_norm_techo_secundario,192,0.44468749999999985,0.47,0.04057061905973399,0.38,0.38,0.47,0.47,0.09123399929103923
34,superficie_util,60,48.03,47.0,6.19245850796607,41.3,47.0,47.0,68.2,0.12892897164201686
34,u_norm_muro_principal,60,1.7,1.7,0.0,1.7,1.7,1.7,1.7,0.0
34,u_norm_muro_secundario,60,1.7,1.7,0.0,1.7,1.7,1.7,1.7,0.0
34,u_norm_techo_principal,60,0.3799999999999999,0.38,1.1195921614018072e-16,0.38,0.38,0.38,0.38,2.946295161583704e-16
34,u_norm_techo_secundario,60,0.3799999999999999,0.38,1.1195921614018072e-16,0.38,0.38,0.38,0.38,2.946295161583704e-16
35,superficie_util,61,60.05573770491804,57.8,4.515363573038312,52.4,57.8,63.1,67.6,0.0751862144334053
35,u_norm_muro_principal,61,1.7,1.7,0.0,1.7,1.7,1.7,1.7,0.0
35,u_norm_muro_secundario,61,1.7,1.7,0.0,1.7,1.7,1.7,1.7,0.0
35,u_norm_techo_principal,61,0.3799999999999999,0.38,1.1194366516904659e-16,0.38,0.38,0.38,0.38,2.9458859255012267e-16
35,u_norm_techo_secundario,61,0.3799999999999999,0.38,1.1194366516904659e-16,0.38,0.38,0.38,0.38,2.9458859255012267e-16
36,superficie_util,107,51.36915887850467,49.6,6.839030760178699,43.0,47.8,52.1,80.4,0.13313495703431652
36,u_norm_muro_principal,107,1.9598130841121488,1.9,0.34528080261923,1.7,1.9,1.9,3.0,0.17618047630070396
36,u_norm_muro_secundario,107,1.9598130841121488,1.9,0.34528080261923,1.7,1.9,1.9,3.0,0.17618047630070396
36,u_norm_techo_principal,107,0.46280373831775695,0.47,0.0574422497937262,0.38,0.47,0.47,0.6,0.12411794684831792
36,u_norm_techo_secundario,107,0.46280373831775695,0.47,0.0574422497937262,0.38,0.47,0.47,0.6,0.12411794684831792
37,superficie_util,76,49.06447368421052,49.9,2.784083521130711,40.9,49.9,49.9,56.2,0.05674336871622571
37,u_norm_muro_principal,76,3.0,3.0,0.0,3.0,3.0,3.0,3.0,0.0
37,u_norm_muro_secundario,76,3.0,3.0,0.0,3.0,3.0,3.0,3.0,0.0
37,u_norm_techo_principal,76,0.6,0.6,0.0,0.6,0.6,0.6,0.6,0.0
37,u_norm_techo_secundario,76,0.6,0.6,0.0,0.6,0.6,0.6,0.6,0.0
38,superficie_util,139,33.535251798561156,29.0,9.333691996028033,19.9,28.3,40.3,68.4,0.2783247924331524
38,u_norm_muro_principal,139,1.9000000000000001,1.9,2.228476621753326e-16,1.9,1.9,1.9,1.9,1.1728824325017504e-16
38,u_norm_muro_secundario,139,1.9000000000000001,1.9,2.228476621753326e-16,1.9,1.9,1.9,1.9,1.1728824325017504e-16
38,u_norm_techo_principal,139,0.46999999999999986,0.47,1.114238310876663e-16,0.47,0.47,0.47,0.47,2.370719810375879e-16
38,u_norm_techo_secundario,139,0.46999999999999986,0.47,1.114238310876663e-16,0.47,0.47,0.47,0.47,2.370719810375879e-16
39,superficie_util,85,51.478823529411784,51.6,2.190623640147507,47.8,50.1,53.1,55.6,0.04255387924504377
39,u_norm_muro_principal,85,1.9000000000000004,1.9,4.467247772604635e-16,1.9,1.9,1.9,1.9,2.3511830382129653e-16
39,u_norm_muro_secundario,85,1.9000000000000004,1.9,4.467247772604635e-16,1.9,1.9,1.9,1.9,2.3511830382129653e-16
39,u_norm_techo_principal,85,0.4699999999999998,0.47,1.6752179147267382e-16,0.47,0.47,0.47,0.47,3.564293435588806e-16
39,u_norm_techo_secundario,85,0.4699999999999998,0.47,1.6752179147267382e-16,0.47,0.47,0.47,0.47,3.564293435588806e-16
40,superficie_util,151,42.41456953642384,42.0,1.1072727668160414,41.4,42.0,42.4,45.7,0.026105953188211947
40,u_norm_muro_principal,151,1.9000000000000006,1.9,6.683505723655797e-16,1.9,1.9,1.9,1.9,3.517634591397787e-16
40,u_norm_muro_secundario,151,1.9000000000000006,1.9,6.683505723655797e-16,1.9,1.9,1.9,1.9,3.517634591397787e-16
40,u_norm_techo_principal,151,0.4699999999999998,0.47,1.6708764309139492e-16,0.47,0.47,0.47,0.47,3.5550562359871273e-16
40,u_norm_techo_secundario,151,0.4699999999999998,0.47,1.6708764309139492e-16,0.47,0.47,0.47,0.47,3.5550562359871273e-16
41,superficie_util,112,47.0,47.0,0.0,47.0,47.0,47.0,47.0,0.0
41,u_norm_muro_principal,112,1.6999999999999995,1.7,4.460851264677524e-16,1.7,1.7,1.7,1.7,2.624030155692662e-16
41,u_norm_muro_secundario,112,1.6999999999999995,1.7,4.460851264677524e-16,1.7,1.7,1.7,1.7,2.624030155692662e-16
41,u_norm_techo_principal,112,0.37999999999999995,0.38,5.576064080846905e-17,0.38,0.38,0.38,0.38,1.4673852844333963e-16
41,u_norm_techo_secundario,112,0.37999999999999995,0.38,5.576064080846905e-17,0.38,0.38,0.38,0.38,1.4673852844333963e-16
42,superficie_util,63,45.382539682539665,45.2,1.4844940142144747,42.4,45.0,47.0,49.9,0.03271068619338671
42,u_norm_muro_principal,63,1.9000000000000008,1.9,8.953124975160615e-16,1.9,1.9,1.9,1.9,4.712171039558216e-16
42,u_norm_muro_secundario,63,1.9000000000000008,1.9,8.953124975160615e-16,1.9,1.9,1.9,1.9,4.712171039558216e-16
42,u_norm_techo_principal,63,0.46999999999999975,0.47,2.2382812437901537e-16,0.47,0.47,0.47,0.47,4.762300518702458e-16
42,u_norm_techo_secundario,63,0.46999999999999975,0.47,2.2382812437901537e-16,0.47,0.47,0.47,0.47,4.762300518702458e-16
43,superficie_util,97,56.324742268041234,55.1,3.112609801538301,51.3,53.4,57.8,62.2,0.05526185609027459
43,u_norm_muro_principal,97,1.9,1.9,0.0,1.9,1.9,1.9,1.9,0.0
43,u_norm_muro_secundario,97,1.9,1.9,0.0,1.9,1.9,1.9,1.9,0.0
43,u_norm_techo_principal,97,0.4699999999999998,0.47,1.673985683655457e-16,0.47,0.47,0.47,0.47,3.561671667352038e-16
43,u_norm_techo_secundario,97,0.4699999999999998,0.47,1.673985683655457e-16,0.47,0.47,0.47,0.47,3.561671667352038e-16
44,superficie_util,181,48.633701657458566,48.5,0.4074611085020034,47.9,48.5,48.6,49.9,0.008378163590587276
44,u_norm_muro_principal,181,1.9,1.9,0.0,1.9,1.9,1.9,1.9,0.0
44,u_norm_muro_secundario,181,1.9,1.9,0.0,1.9,1.9,1.9,1.9,0.0
44,u_norm_techo_principal,181,0.4699999999999998,0.47,1.6699540590904642e-16,0.47,0.47,0.47,0.47,3.55309374274567e-16
44,u_norm_techo_secundario,181,0.4699999999999998,0.47,1.6699540590904642e-16,0.47,0.47,0.47,0.47,3.55309374274567e-16
45,superficie_util,59,55.199999999999996,55.5,0.4770599615316206,54.1,54.9,55.5,55.5,0.008642390607456895
45,u_norm_muro_principal,59,1.7,1.7,0.0,1.7,1.7,1.7,1.7,0.0
45,u_norm_muro_secundario,59,1.7,1.7,0.0,1.7,1.7,1.7,1.7,0.0
45,u_norm_techo_principal,59,0.3799999999999999,0.38,1.1197530107900952e-16,0.38,0.38,0.38,0.38,2.9467184494476196e-16
45,u_norm_techo_secundario,59,0.3799999999999999,0.38,1.1197530107900952e-16,0.38,0.38,0.38,0.38,2.9467184494476196e-16
46,superficie_util,50,58.67999999999999,58.7,0.5732115042211119,57.8,58.7,58.7,59.6,0.009768430542282071
46,u_norm_muro_principal,50,1.7,1.7,0.0,1.7,1.7,1.7,1.7,0.0
46,u_norm_muro_secundario,50,1.7,1.7,0.0,1.7,1.7,1.7,1.7,0.0
46,u_norm_techo_principal,50,0.37999999999999995,0.38,5.607473066727768e-17,0.38,0.38,0.38,0.38,1.4756508070336236e-16
46,u_norm_techo_secundario,50,0.37999999999999995,0.38,5.607473066727768e-17,0.38,0.38,0.38,0.38,1.4756508070336236e-16
47,superficie_util,53,52.29811320754719,52.3,0.07465450173900047,51.8,52.3,52.3,52.4,0.0014274798297738017
47,u_norm_muro_principal,53,1.9000000000000006,1.9,6.725084462852695e-16,1.9,1.9,1.9,1.9,3.539518138343523e-16
47,u_norm_muro_secundario,53,1.9000000000000006,1.9,6.725084462852695e-16,1.9,1.9,1.9,1.9,3.539518138343523e-16
47,u_norm_techo_principal,53,0.4699999999999998,0.47,1.6812711157131738e-16,0.47,0.47,0.47,0.47,3.5771725866237754e-16
47,u_norm_techo_secundario,53,0.4699999999999998,0.47,1.6812711157131738e-16,0.47,0.47,0.47,0.47,3.5771725866237754e-16
48,superficie_util,71,50.93239436619719,51.0,0.1011005834197162,50.7,50.8,51.0,51.0,0.001984995692384229
48,u_norm_muro_principal,71,1.9000000000000006,1.9,6.708750405495386e-16,1.9,1.9,1.9,1.9,3.5309212660502024e-16
48,u_norm_muro_secundario,71,1.9000000000000006,1.9,6.708750405495386e-16,1.9,1.9,1.9,1.9,3.5309212660502024e-16
48,u_norm_techo_principal,71,0.46999999999999975,0.47,2.2362501351651286e-16,0.47,0.47,0.47,0.47,4.757979010989637e-16
48,u_norm_techo_secundario,71,0.46999999999999975,0.47,2.2362501351651286e-16,0.47,0.47,0.47,0.47,4.757979010989637e-16
49,superficie_util,82,51.167073170731726,51.1,0.09565224829891242,51.1,51.1,51.3,51.4,0.0018694101962749518
49,u_norm_muro_principal,82,1.9000000000000001,1.9,2.234110461601914e-16,1.9,1.9,1.9,1.9,1.1758476113694283e-16
49,u_norm_muro_secundario,82,1.9000000000000001,1.9,2.234110461601914e-16,1.9,1.9,1.9,1.9,1.1758476113694283e-16
49,u_norm_techo_principal,82,0.4699999999999998,0.47,1.6755828462014355e-16,0.47,0.47,0.47,0.47,3.5650698855349706e-16
49,u_norm_techo_secundario,82,0.4699999999999998,0.47,1.6755828462014355e-16,0.47,0.47,0.47,0.47,3.5650698855349706e-16
50,superficie_util,217,50.68202764976959,51.6,10.969435632329702,24.1,44.0,57.8,76.0,0.21643640045604157
50,u_norm_muro_principal,217,1.8926267281105988,1.9,0.03777386203012744,1.7,1.9,1.9,1.9,0.01995843209286013
50,u_norm_muro_secundario,217,1.8926267281105988,1.9,0.03777386203012744,1.7,1.9,1.9,1.9,0.01995843209286013
50,u_norm_techo_principal,217,0.46668202764976935,0.47,0.016998237913557347,0.38,0.47,0.47,0.47,0.036423596595654646
50,u_norm_techo_secundario,217,0.46668202764976935,0.47,0.016998237913557347,0.38,0.47,0.47,0.47,0.036423596595654646
51,superficie_util,67,49.16119402985075,47.1,10.4687551751069,40.0,41.05,54.1,109.7,0.21294753680616985
51,u_norm_muro_principal,67,3.0,3.0,0.0,3.0,3.0,3.0,3.0,0.0
51,u_norm_muro_secundario,67,3.0,3.0,0.0,3.0,3.0,3.0,3.0,0.0
51,u_norm_techo_principal,67,0.6000000000000001,0.6,1.1186021851923232e-16,0.6,0.6,0.6,0.6,1.8643369753205384e-16
51,u_norm_techo_secundario,67,0.6000000000000001,0.6,1.1186021851923232e-16,0.6,0.6,0.6,0.6,1.8643369753205384e-16
52,superficie_util,90,40.146666666666675,38.599999999999994,10.815336592911825,23.8,31.0,47.550000000000004,93.9,0.26939563084303775
52,u_norm_muro_principal,90,1.9,1.9,0.0,1.9,1.9,1.9,1.9,0.0
52,u_norm_muro_secundario,90,1.9,1.9,0.0,1.9,1.9,1.9,1.9,0.0
52,u_norm_techo_principal,90,0.4699999999999998,0.47,1.6746642151860052e-16,0.47,0.47,0.47,0.47,3.5631153514595873e-16
52,u_norm_techo_secundario,90,0.4699999999999998,0.47,1.6746642151860052e-16,0.47,0.47,0.47,0.47,3.5631153514595873e-16
53,superficie_util,89,37.27078651685394,35.5,9.779294014386526,24.9,29.0,45.0,65.9,0.2623849649634924
53,u_norm_muro_principal,89,1.9,1.9,0.0,1.9,1.9,1.9,1.9,0.0
53,u_norm_muro_secundario,89,1.9,1.9,0.0,1.9,1.9,1.9,1.9,0.0
53,u_norm_techo_principal,89,0.4699999999999998,0.47,1.674769935599935e-16,0.47,0.47,0.47,0.47,3.5633402885105015e-16
53,u_norm_techo_secundario,89,0.4699999999999998,0.47,1.674769935599935e-16,0.47,0.47,0.47,0.47,3.5633402885105015e-16
54,superficie_util,190,45.21684210526316,47.05,12.34001665877962,19.1,38.25,53.7,84.5,0.27290752923551165
54,u_norm_muro_principal,190,1.6999999999999995,1.7,4.452624991071007e-16,1.7,1.7,1.7,1.7,2.61919117121824e-16
54,u_norm_muro_secundario,190,1.6999999999999995,1.7,4.452624991071007e-16,1.7,1.7,1.7,1.7,2.61919117121824e-16
54,u_norm_techo_principal,190,0.3800000000000001,0.38,1.1131562477677517e-16,0.38,0.38,0.38,0.38,2.92935854675724e-16
54,u_norm_techo_secundario,190,0.3800000000000001,0.38,1.1131562477677517e-16,0.38,0.38,0.38,0.38,2.92935854675724e-16
55,superficie_util,82,52.576829268292684,53.4,4.500735160263987,28.2,49.4,55.5,59.9,0.08560301606050308
55,u_norm_muro_principal,82,3.0,3.0,0.0,3.0,3.0,3.0,3.0,0.0
55,u_norm_muro_secundario,82,3.0,3.0,0.0,3.0,3.0,3.0,3.0,0.0
55,u_norm_techo_principal,82,0.6,0.6,0.0,0.6,0.6,0.6,0.6,0.0
55,u_norm_techo_secundario,82,0.6,0.6,0.0,0.6,0.6,0.6,0.6,0.0
56,superficie_util,85,48.776470588235306,47.6,3.4433734517608334,41.1,47.6,49.3,61.6,0.07059496946446472
56,u_norm_muro_principal,85,1.699999999999999,1.7,8.93449554520927e-16,1.7,1.7,1.7,1.7,5.255585614828985e-16
56,u_norm_muro_secundario,85,1.699999999999999,1.7,8.93449554520927e-16,1.7,1.7,1.7,1.7,5.255585614828985e-16
56,u_norm_techo_principal,85,0.3799999999999999,0.38,1.1168119431511587e-16,0.38,0.38,0.38,0.38,2.938978797766208e-16
56,u_norm_techo_secundario,85,0.3799999999999999,0.38,1.1168119431511587e-16,0.38,0.38,0.38,0.38,2.938978797766208e-16
57,superficie_util,62,31.04193548387097,30.7,2.1558573196421604,27.8,29.8,31.7,37.6,0.06944983571537668
57,u_norm_muro_principal,62,1.9000000000000006,1.9,6.715717320619115e-16,1.9,1.9,1.9,1.9,3.5345880634837435e-16
57,u_norm_muro_secundario,62,1.9000000000000006,1.9,6.715717320619115e-16,1.9,1.9,1.9,1.9,3.5345880634837435e-16
57,u_norm_techo_principal,62,0.4699999999999998,0.47,1.6789293301547787e-16,0.47,0.47,0.47,0.47,3.572190064159105e-16
57,u_norm_techo_secundario,62,0.4699999999999998,0.47,1.6789293301547787e-16,0.47,0.47,0.47,0.47,3.572190064159105e-16
58,superficie_util,68,52.561764705882354,52.7,0.6795585511251946,51.4,51.85,53.1,53.5,0.012928762094038732
58,u_norm_muro_principal,68,1.9000000000000004,1.9,4.473910338234662e-16,1.9,1.9,1.9,1.9,2.354689651702453e-16
58,u_norm_muro_secundario,68,1.9000000000000004,1.9,4.473910338234662e-16,1.9,1.9,1.9,1.9,2.354689651702453e-16
58,u_norm_techo_principal,68,0.4699999999999998,0.47,1.6777163768379982e-16,0.47,0.47,0.47,0.47,3.5696093124212743e-16
58,u_norm_techo_secundario,68,0.4699999999999998,0.47,1.6777163768379982e-16,0.47,0.47,0.47,0.47,3.5696093124212743e-16
59,superficie_util,63,46.26666666666667,46.5,0.31056659978694734,45.6,45.9,46.5,46.7,0.006712534577527679
59,u_norm_muro_principal,63,1.9000000000000008,1.9,8.953124975160615e-16,1.9,1.9,1.9,1.9,4.712171039558216e-16
59,u_norm_muro_secundario,63,1.9000000000000008,1.9,8.953124975160615e-16,1.9,1.9,1.9,1.9,4.712171039558216e-16
59,u_norm_techo_principal,63,0.46999999999999975,0.47,2.2382812437901537e-16,0.47,0.47,0.47,0.47,4.762300518702458e-16
59,u_norm_techo_secundario,63,0.46999999999999975,0.47,2.2382812437901537e-16,0.47,0.47,0.47,0.47,4.762300518702458e-16
60,superficie_util,125,48.8936,48.8,0.636110154794166,47.8,48.4,49.4,50.4,0.01301009037571719
60,u_norm_muro_principal,125,1.8999999999999997,1.9,2.2293814819288017e-16,1.9,1.9,1.9,1.9,1.1733586746993696e-16
60,u_norm_muro_secundario,125,1.8999999999999997,1.9,2.2293814819288017e-16,1.9,1.9,1.9,1.9,1.1733586746993696e-16
60,u_norm_techo_principal,125,0.46999999999999975,0.47,2.2293814819288017e-16,0.47,0.47,0.47,0.47,4.743364855167666e-16
60,u_norm_techo_secundario,125,0.46999999999999975,0.47,2.2293814819288017e-16,0.47,0.47,0.47,0.47,4.743364855167666e-16
61,superficie_util,85,47.219999999999985,47.2,0.09102589898327924,46.8,47.2,47.2,47.5,0.0019276979877865157
61,u_norm_muro_principal,85,1.9000000000000004,1.9,4.467247772604635e-16,1.9,1.9,1.9,1.9,2.3511830382129653e-16
61,u_norm_muro_secundario,85,1.9000000000000004,1.9,4.467247772604635e-16,1.9,1.9,1.9,1.9,2.3511830382129653e-16
61,u_norm_techo_principal,85,0.4699999999999998,0.47,1.6752179147267382e-16,0.47,0.47,0.47,0.47,3.564293435588806e-16
61,u_norm_techo_secundario,85,0.4699999999999998,0.47,1.6752179147267382e-16,0.47,0.47,0.47,0.47,3.564293435588806e-16
