cluster_hdbscan,n,pct_total,superficie_util_mediana,superficie_util_media,superficie_util_p25,superficie_util_p75,u_norm_muro_principal_mediana,u_norm_muro_principal_media,u_norm_muro_principal_p25,u_norm_muro_principal_p75,u_norm_muro_secundario_mediana,u_norm_muro_secundario_media,u_norm_muro_secundario_p25,u_norm_muro_secundario_p75,u_norm_techo_principal_mediana,u_norm_techo_principal_media,u_norm_techo_principal_p25,u_norm_techo_principal_p75,u_norm_techo_secundario_mediana,u_norm_techo_secundario_media,u_norm_techo_secundario_p25,u_norm_techo_secundario_p75,zona_termica_moda,zona_termica_pct_moda,tipo_inmueble_moda,tipo_inmueble_pct_moda,calef_proyec_moda,calef_proyec_pct_moda,acs_proyec_moda,acs_proyec_pct_moda,etiqueta_arquetipo_preliminar
-1,4300,43.0,50.5,54.23632558139534,42.7,58.824999999999996,1.9,2.1824655615222976,1.7,1.9,1.9,2.1824655615222976,1.7,1.9,0.47,0.48003969180480965,0.38,0.47,0.47,0.48003969180480965,0.38,0.47,d,55.76744186046512,depto,69.11627906976744,no posee,64.93023255813954,calefont 7 litros tiro forzado,11.093023255813954,ruido / observacion atipica
0,63,0.63,52.5,52.2063492063492,50.1,54.4,3.0,2.603174603174603,1.9,3.0,3.0,2.603174603174603,1.9,3.0,0.6,0.5488888888888891,0.47,0.6,0.6,0.5488888888888891,0.47,0.6,d,50.79365079365079,depto,82.53968253968253,calefactor electrico,100.0,calefont 10 litros gl,58.730158730158735,depto | d | sup_mediana 52 m2 | calef: calefactor electrico | acs: calefont 10 litros gl
1,85,0.8500000000000001,72.6,67.01294117647059,52.2,77.8,1.7,1.6588235294117641,1.7,1.7,1.7,1.6588235294117641,1.7,1.7,0.38,0.3576470588235293,0.38,0.38,0.38,0.3576470588235293,0.38,0.38,d,92.94117647058823,casa_pareada,49.411764705882355,estufa kerosene 3 kw,100.0,calefon tiro natural 10 lts +sst,100.0,casa_pareada | d | sup_mediana 73 m2 | calef: estufa kerosene 3 kw | acs: calefon tiro natural 10 lts +sst
2,185,1.8499999999999999,45.7,52.15027027027027,38.9,66.8,1.0,1.0,1.0,1.0,1.0,1.0,1.0,1.0,0.0,0.0,0.0,0.0,0.0,0.0,0.0,0.0,d,89.72972972972974,depto,55.13513513513514,no posee,100.0,calefont 7 litros tiro forzado,35.13513513513514,depto | d | sup_mediana 46 m2 | calef: no posee | acs: calefont 7 litros tiro forzado
3,181,1.81,51.5,50.70441988950276,48.3,53.0,4.0,4.0,4.0,4.0,4.0,4.0,4.0,4.0,0.84,0.8400000000000001,0.84,0.84,0.84,0.8400000000000001,0.84,0.84,c,82.32044198895028,depto,89.50276243093923,no posee,100.0,calefont 7 litros tiro forzado,100.0,depto | c | sup_mediana 52 m2 | calef: no posee | acs: calefont 7 litros tiro forzado
4,66,0.66,50.8,50.348484848484844,47.5,55.075,4.0,4.0,4.0,4.0,4.0,4.0,4.0,4.0,0.84,0.8400000000000001,0.84,0.84,0.84,0.8400000000000001,0.84,0.84,a,100.0,depto,100.0,no posee,100.0,"calefon splendid mvg tfi de 10 litros, de 17,6 kw potencia",57.57575757575758,"depto | a | sup_mediana 51 m2 | calef: no posee | acs: calefon splendid mvg tfi de 10 litros, de 17,6 kw potencia"
5,87,0.8699999999999999,55.0,54.63908045977013,53.099999999999994,55.6,4.0,4.0,4.0,4.0,4.0,4.0,4.0,4.0,0.84,0.8400000000000003,0.84,0.84,0.84,0.8400000000000003,0.84,0.84,a,100.0,depto,100.0,no posee,100.0,calefont 7 litros tiro forzado,100.0,depto | a | sup_mediana 55 m2 | calef: no posee | acs: calefont 7 litros tiro forzado
6,79,0.79,60.0,60.18101265822785,59.6,60.5,4.0,4.0,4.0,4.0,4.0,4.0,4.0,4.0,0.84,0.8400000000000002,0.84,0.84,0.84,0.8400000000000002,0.84,0.84,a,100.0,depto,100.0,no posee,100.0,calefont 7 litros tiro forzado,100.0,depto | a | sup_mediana 60 m2 | calef: no posee | acs: calefont 7 litros tiro forzado
7,57,0.5700000000000001,79.4,78.2105263157895,62.5,91.6,1.7,1.7,1.7,1.7,1.7,1.7,1.7,1.7,0.38,0.37999999999999995,0.38,0.38,0.38,0.37999999999999995,0.38,0.38,d,100.0,casa_pareada,98.24561403508771,no posee,100.0,calefont tiro forzado,100.0,casa_pareada | d | sup_mediana 79 m2 | calef: no posee | acs: calefont tiro forzado
8,85,0.8500000000000001,28.4,32.37882352941176,28.1,41.2,1.9,1.9000000000000004,1.9,1.9,1.9,1.9000000000000004,1.9,1.9,0.47,0.4699999999999998,0.47,0.47,0.47,0.4699999999999998,0.47,0.47,d,100.0,depto,100.0,no posee,100.0,termo eléctrico,61.1764705882353,depto | d | sup_mediana 28 m2 | calef: no posee | acs: termo eléctrico
9,52,0.52,64.8,67.6673076923077,61.3,78.2,1.7,1.7000000000000002,1.7,1.7,1.7,1.7000000000000002,1.7,1.7,0.38,0.3799999999999999,0.38,0.38,0.38,0.3799999999999999,0.38,0.38,d,100.0,casa_pareada,100.0,no posee,100.0,calefont,100.0,casa_pareada | d | sup_mediana 65 m2 | calef: no posee | acs: calefont
10,58,0.58,58.6,60.12758620689656,53.275,62.0,1.9,1.9000000000000004,1.9,1.9,1.9,1.9000000000000004,1.9,1.9,0.47,0.46999999999999986,0.47,0.47,0.47,0.46999999999999986,0.47,0.47,d,100.0,casa_pareada,100.0,no posee,100.0,calefont,100.0,casa_pareada | d | sup_mediana 59 m2 | calef: no posee | acs: calefont
11,129,1.29,48.0,48.14496124031008,43.9,52.4,1.9,2.0930232558139537,1.9,1.9,1.9,2.0930232558139537,1.9,1.9,0.47,0.4861240310077518,0.47,0.47,0.47,0.4861240310077518,0.47,0.47,d,100.0,depto,100.0,no posee,100.0,calefont 10 litros tiro forzado,93.7984496124031,depto | d | sup_mediana 48 m2 | calef: no posee | acs: calefont 10 litros tiro forzado
12,83,0.83,37.6,37.13132530120482,28.9,40.6,1.9,1.9000000000000001,1.9,1.9,1.9,1.9000000000000001,1.9,1.9,0.47,0.4699999999999998,0.47,0.47,0.47,0.4699999999999998,0.47,0.47,d,100.0,depto,100.0,no posee,100.0,sala de calderas,100.0,depto | d | sup_mediana 38 m2 | calef: no posee | acs: sala de calderas
13,78,0.7799999999999999,40.8,40.01153846153847,29.525,45.6,1.9,1.9000000000000006,1.9,1.9,1.9,1.9000000000000006,1.9,1.9,0.47,0.46999999999999975,0.47,0.47,0.47,0.46999999999999975,0.47,0.47,d,100.0,depto,100.0,no posee,100.0,caldera condensación,93.58974358974359,depto | d | sup_mediana 41 m2 | calef: no posee | acs: caldera condensación
14,82,0.8200000000000001,54.1,63.52682926829268,49.5,79.425,1.7,1.6658536585365848,1.6,1.7,1.7,1.6658536585365848,1.6,1.7,0.38,0.3629268292682926,0.33,0.38,0.38,0.3629268292682926,0.33,0.38,f,100.0,casa_aislada,100.0,no posee,100.0,calefont 7 litros tiro forzado,100.0,casa_aislada | f | sup_mediana 54 m2 | calef: no posee | acs: calefont 7 litros tiro forzado
15,68,0.6799999999999999,58.3,62.53529411764707,51.3,69.8,1.7,1.673529411764706,1.6,1.7,1.7,1.673529411764706,1.6,1.7,0.38,0.3667647058823528,0.33,0.38,0.38,0.3667647058823528,0.33,0.38,f,100.0,casa_aislada,100.0,no posee,100.0,calefont 10 litros tiro forzado,100.0,casa_aislada | f | sup_mediana 58 m2 | calef: no posee | acs: calefont 10 litros tiro forzado
16,92,0.9199999999999999,44.5,50.15108695652174,44.375,51.6,1.7,1.69891304347826,1.7,1.7,1.7,1.69891304347826,1.7,1.7,0.38,0.3794565217391305,0.38,0.38,0.38,0.3794565217391305,0.38,0.38,f,100.0,casa_pareada,100.0,no posee,100.0,calefont 7 litros tiro forzado,100.0,casa_pareada | f | sup_mediana 44 m2 | calef: no posee | acs: calefont 7 litros tiro forzado
17,80,0.8,48.7,47.42375,44.8,48.7,1.1,1.1312499999999999,1.1,1.1,1.1,1.1312499999999999,1.1,1.1,0.28,0.28312500000000007,0.28,0.28,0.28,0.28312500000000007,0.28,0.28,g,100.0,casa_aislada,100.0,no posee,100.0,calefont 7 litros,45.0,casa_aislada | g | sup_mediana 49 m2 | calef: no posee | acs: calefont 7 litros
18,73,0.73,39.0,38.60958904109589,28.4,46.2,1.9,1.9000000000000001,1.9,1.9,1.9,1.9000000000000001,1.9,1.9,0.47,0.46999999999999986,0.47,0.47,0.47,0.46999999999999986,0.47,0.47,d,100.0,depto,100.0,no posee,100.0,caldera a condensación,98.63013698630137,depto | d | sup_mediana 39 m2 | calef: no posee | acs: caldera a condensación
19,87,0.8699999999999999,41.8,44.331034482758625,41.4,47.7,1.6,1.6264367816091945,1.6,1.7,1.6,1.6264367816091945,1.6,1.7,0.33,0.3432183908045976,0.33,0.38,0.33,0.3432183908045976,0.33,0.38,f,100.0,casa_aislada,100.0,no posee,100.0,calefont glp,100.0,casa_aislada | f | sup_mediana 42 m2 | calef: no posee | acs: calefont glp
20,56,0.5599999999999999,50.3,48.21071428571429,42.7,50.3,1.6,1.4392857142857143,1.1,1.6,1.6,1.4392857142857143,1.1,1.6,0.33,0.31392857142857145,0.28,0.33,0.33,0.31392857142857145,0.28,0.33,g,100.0,casa_aislada,100.0,no posee,100.0,calefont glp,100.0,casa_aislada | g | sup_mediana 50 m2 | calef: no posee | acs: calefont glp
21,116,1.16,48.2,47.331034482758625,46.1,48.3,1.7,1.699999999999999,1.7,1.7,1.7,1.699999999999999,1.7,1.7,0.38,0.38000000000000006,0.38,0.38,0.38,0.38000000000000006,0.38,0.38,e,100.0,casa_aislada,100.0,no posee,100.0,calefont glp,100.0,casa_aislada | e | sup_mediana 48 m2 | calef: no posee | acs: calefont glp
22,93,0.9299999999999999,52.2,47.902150537634405,43.9,52.2,1.6,1.487096774193548,1.6,1.6,1.6,1.487096774193548,1.6,1.6,0.33,0.31870967741935485,0.33,0.33,0.33,0.31870967741935485,0.33,0.33,g,100.0,depto,100.0,no posee,100.0,calefont 7 litros tiro forzado,100.0,depto | g | sup_mediana 52 m2 | calef: no posee | acs: calefont 7 litros tiro forzado
23,81,0.8099999999999999,50.2,50.58395061728395,49.8,52.2,1.6,1.353086419753086,1.1,1.6,1.6,1.353086419753086,1.1,1.6,0.33,0.3053086419753087,0.28,0.33,0.33,0.3053086419753087,0.28,0.33,g,100.0,depto,100.0,no posee,100.0,calefont 10 litros tiro forzado,100.0,depto | g | sup_mediana 50 m2 | calef: no posee | acs: calefont 10 litros tiro forzado
24,92,0.9199999999999999,53.7,54.12065217391304,53.4,57.7,1.7,1.7391304347826078,1.7,1.7,1.7,1.7391304347826078,1.7,1.7,0.38,0.397608695652174,0.38,0.38,0.38,0.397608695652174,0.38,0.38,d,100.0,depto,100.0,no posee,100.0,calefont tiro forzado,100.0,depto | d | sup_mediana 54 m2 | calef: no posee | acs: calefont tiro forzado
25,57,0.5700000000000001,48.3,48.457894736842114,44.3,53.3,1.7,1.7,1.7,1.7,1.7,1.7,1.7,1.7,0.38,0.37999999999999995,0.38,0.38,0.38,0.37999999999999995,0.38,0.38,e,100.0,casa_pareada,100.0,no posee,100.0,calefont glp,100.0,casa_pareada | e | sup_mediana 48 m2 | calef: no posee | acs: calefont glp
26,56,0.5599999999999999,54.0,51.973214285714285,51.7,54.0,1.6,1.6339285714285714,1.6,1.7,1.6,1.6339285714285714,1.6,1.7,0.33,0.3469642857142857,0.33,0.38,0.33,0.3469642857142857,0.33,0.38,f,100.0,casa_pareada,100.0,no aplica,100.0,calefont glp,100.0,casa_pareada | f | sup_mediana 54 m2 | calef: no aplica | acs: calefont glp
27,134,1.34,46.2,48.861194029850736,46.2,48.3,1.7,1.693283582089552,1.7,1.7,1.7,1.693283582089552,1.7,1.7,0.38,0.376641791044776,0.38,0.38,0.38,0.376641791044776,0.38,0.38,f,100.0,casa_pareada,100.0,no posee,100.0,calefont glp,100.0,casa_pareada | f | sup_mediana 46 m2 | calef: no posee | acs: calefont glp
28,129,1.29,40.4,40.32248062015504,30.8,47.0,1.9,1.9000000000000001,1.9,1.9,1.9,1.9000000000000001,1.9,1.9,0.47,0.46999999999999986,0.47,0.47,0.47,0.46999999999999986,0.47,0.47,d,100.0,depto,100.0,no posee,100.0,caldera de condensación,96.12403100775194,depto | d | sup_mediana 40 m2 | calef: no posee | acs: caldera de condensación
29,63,0.63,52.3,50.842857142857156,48.15,52.3,1.7,1.661904761904762,1.6,1.7,1.7,1.661904761904762,1.6,1.7,0.38,0.3609523809523808,0.33,0.38,0.38,0.3609523809523808,0.33,0.38,f,100.0,depto,100.0,no posee,100.0,calefont glp,100.0,depto | f | sup_mediana 52 m2 | calef: no posee | acs: calefont glp
30,60,0.6,31.15,34.30166666666666,30.5,39.5,1.9,1.9000000000000006,1.9,1.9,1.9,1.9000000000000006,1.9,1.9,0.47,0.4699999999999998,0.47,0.47,0.47,0.4699999999999998,0.47,0.47,d,100.0,depto,100.0,no posee,100.0,caldera central a gas,85.0,depto | d | sup_mediana 31 m2 | calef: no posee | acs: caldera central a gas
31,53,0.53,45.7,46.72641509433962,42.4,49.5,1.7,1.7000000000000002,1.7,1.7,1.7,1.7000000000000002,1.7,1.7,0.38,0.3799999999999999,0.38,0.38,0.38,0.3799999999999999,0.38,0.38,f,100.0,depto,100.0,no posee,100.0,calefont 7 litros tiro forzado,100.0,depto | f | sup_mediana 46 m2 | calef: no posee | acs: calefont 7 litros tiro forzado
32,78,0.7799999999999999,49.4,47.011538461538464,44.050000000000004,52.075,1.6,1.5999999999999994,1.6,1.6,1.6,1.5999999999999994,1.6,1.6,0.33,0.3299999999999999,0.33,0.33,0.33,0.3299999999999999,0.33,0.33,f,100.0,depto,100.0,no posee,100.0,calefont 7 litros tiro forzado,100.0,depto | f | sup_mediana 49 m2 | calef: no posee | acs: calefont 7 litros tiro forzado
33,192,1.92,68.5,78.09114583333333,63.1,87.1,1.9,1.8437499999999993,1.7,1.9,1.9,1.8437499999999993,1.7,1.9,0.47,0.44468749999999985,0.38,0.47,0.47,0.44468749999999985,0.38,0.47,d,86.97916666666666,casa_aislada,100.0,no posee,100.0,calefont 7 litros tiro forzado,97.39583333333334,casa_aislada | d | sup_mediana 68 m2 | calef: no posee | acs: calefont 7 litros tiro forzado
34,60,0.6,47.0,48.03,47.0,47.0,1.7,1.7,1.7,1.7,1.7,1.7,1.7,1.7,0.38,0.3799999999999999,0.38,0.38,0.38,0.3799999999999999,0.38,0.38,e,100.0,casa_pareada,100.0,no posee,100.0,calefont 7 litros tiro forzado,100.0,casa_pareada | e | sup_mediana 47 m2 | calef: no posee | acs: calefont 7 litros tiro forzado
35,61,0.61,57.8,60.05573770491804,57.8,63.1,1.7,1.7,1.7,1.7,1.7,1.7,1.7,1.7,0.38,0.3799999999999999,0.38,0.38,0.38,0.3799999999999999,0.38,0.38,e,100.0,depto,100.0,sin sistema,98.36065573770492,calefont,42.62295081967213,depto | e | sup_mediana 58 m2 | calef: sin sistema | acs: calefont
36,107,1.0699999999999998,49.6,51.36915887850467,47.8,52.1,1.9,1.9598130841121488,1.9,1.9,1.9,1.9598130841121488,1.9,1.9,0.47,0.46280373831775695,0.47,0.47,0.47,0.46280373831775695,0.47,0.47,d,100.0,casa_pareada,100.0,no posee,100.0,calefont 10 litros tiro forzado,100.0,casa_pareada | d | sup_mediana 50 m2 | calef: no posee | acs: calefont 10 litros tiro forzado
37,76,0.76,49.9,49.06447368421052,49.9,49.9,3.0,3.0,3.0,3.0,3.0,3.0,3.0,3.0,0.6,0.6,0.6,0.6,0.6,0.6,0.6,0.6,d,100.0,depto,100.0,no posee,100.0,calefont glp,100.0,depto | d | sup_mediana 50 m2 | calef: no posee | acs: calefont glp
38,139,1.39,29.0,33.535251798561156,28.3,40.3,1.9,1.9000000000000001,1.9,1.9,1.9,1.9000000000000001,1.9,1.9,0.47,0.46999999999999986,0.47,0.47,0.47,0.46999999999999986,0.47,0.47,d,100.0,depto,100.0,no posee,100.0,central termica,64.02877697841727,depto | d | sup_mediana 29 m2 | calef: no posee | acs: central termica
39,85,0.8500000000000001,51.6,51.478823529411784,50.1,53.1,1.9,1.9000000000000004,1.9,1.9,1.9,1.9000000000000004,1.9,1.9,0.47,0.4699999999999998,0.47,0.47,0.47,0.4699999999999998,0.47,0.47,d,100.0,casa_pareada,100.0,no posee,100.0,calefont glp,100.0,casa_pareada | d | sup_mediana 52 m2 | calef: no posee | acs: calefont glp
40,151,1.51,42.0,42.41456953642384,42.0,42.4,1.9,1.9000000000000006,1.9,1.9,1.9,1.9000000000000006,1.9,1.9,0.47,0.4699999999999998,0.47,0.47,0.47,0.4699999999999998,0.47,0.47,d,100.0,casa_pareada,100.0,no posee,100.0,calefont glp,100.0,casa_pareada | d | sup_mediana 42 m2 | calef: no posee | acs: calefont glp
41,112,1.1199999999999999,47.0,47.0,47.0,47.0,1.7,1.6999999999999995,1.7,1.7,1.7,1.6999999999999995,1.7,1.7,0.38,0.37999999999999995,0.38,0.38,0.38,0.37999999999999995,0.38,0.38,d,100.0,casa_pareada,100.0,no posee,100.0,calefont 7 litros tiro forzado,100.0,casa_pareada | d | sup_mediana 47 m2 | calef: no posee | acs: calefont 7 litros tiro forzado
42,63,0.63,45.2,45.382539682539665,45.0,47.0,1.9,1.9000000000000008,1.9,1.9,1.9,1.9000000000000008,1.9,1.9,0.47,0.46999999999999975,0.47,0.47,0.47,0.46999999999999975,0.47,0.47,d,100.0,casa_pareada,100.0,no posee,100.0,calefont 7 litros tiro forzado,100.0,casa_pareada | d | sup_mediana 45 m2 | calef: no posee | acs: calefont 7 litros tiro forzado
43,97,0.97,55.1,56.324742268041234,53.4,57.8,1.9,1.9,1.9,1.9,1.9,1.9,1.9,1.9,0.47,0.4699999999999998,0.47,0.47,0.47,0.4699999999999998,0.47,0.47,d,100.0,casa_pareada,100.0,no posee,100.0,calefont 7 litros tiro forzado,100.0,casa_pareada | d | sup_mediana 55 m2 | calef: no posee | acs: calefont 7 litros tiro forzado
44,181,1.81,48.5,48.633701657458566,48.5,48.6,1.9,1.9,1.9,1.9,1.9,1.9,1.9,1.9,0.47,0.4699999999999998,0.47,0.47,0.47,0.4699999999999998,0.47,0.47,d,100.0,depto,100.0,no posee,100.0,calefont glp,100.0,depto | d | sup_mediana 48 m2 | calef: no posee | acs: calefont glp
45,59,0.59,55.5,55.199999999999996,54.9,55.5,1.7,1.7,1.7,1.7,1.7,1.7,1.7,1.7,0.38,0.3799999999999999,0.38,0.38,0.38,0.3799999999999999,0.38,0.38,d,100.0,casa_pareada,100.0,no posee,100.0,calefont 7 litros tiro forzado,100.0,casa_pareada | d | sup_mediana 56 m2 | calef: no posee | acs: calefont 7 litros tiro forzado
46,50,0.5,58.7,58.67999999999999,58.7,58.7,1.7,1.7,1.7,1.7,1.7,1.7,1.7,1.7,0.38,0.37999999999999995,0.38,0.38,0.38,0.37999999999999995,0.38,0.38,d,100.0,casa_pareada,100.0,no posee,100.0,calefont 7 litros tiro forzado,100.0,casa_pareada | d | sup_mediana 59 m2 | calef: no posee | acs: calefont 7 litros tiro forzado
47,53,0.53,52.3,52.29811320754719,52.3,52.3,1.9,1.9000000000000006,1.9,1.9,1.9,1.9000000000000006,1.9,1.9,0.47,0.4699999999999998,0.47,0.47,0.47,0.4699999999999998,0.47,0.47,d,100.0,depto,100.0,no posee,100.0,calefont glp,100.0,depto | d | sup_mediana 52 m2 | calef: no posee | acs: calefont glp
48,71,0.7100000000000001,51.0,50.93239436619719,50.8,51.0,1.9,1.9000000000000006,1.9,1.9,1.9,1.9000000000000006,1.9,1.9,0.47,0.46999999999999975,0.47,0.47,0.47,0.46999999999999975,0.47,0.47,d,100.0,depto,100.0,no posee,100.0,calefont glp,100.0,depto | d | sup_mediana 51 m2 | calef: no posee | acs: calefont glp
49,82,0.8200000000000001,51.1,51.167073170731726,51.1,51.3,1.9,1.9000000000000001,1.9,1.9,1.9,1.9000000000000001,1.9,1.9,0.47,0.4699999999999998,0.47,0.47,0.47,0.4699999999999998,0.47,0.47,d,100.0,depto,100.0,no posee,100.0,calefont glp,100.0,depto | d | sup_mediana 51 m2 | calef: no posee | acs: calefont glp
50,217,2.17,51.6,50.68202764976959,44.0,57.8,1.9,1.8926267281105988,1.9,1.9,1.9,1.8926267281105988,1.9,1.9,0.47,0.46668202764976935,0.47,0.47,0.47,0.46668202764976935,0.47,0.47,d,99.53917050691244,depto,100.0,no posee,70.50691244239631,calefont,71.88940092165899,depto | d | sup_mediana 52 m2 | calef: no posee | acs: calefont
51,67,0.67,47.1,49.16119402985075,41.05,54.1,3.0,3.0,3.0,3.0,3.0,3.0,3.0,3.0,0.6,0.6000000000000001,0.6,0.6,0.6,0.6000000000000001,0.6,0.6,c,100.0,depto,100.0,no posee,100.0,calefont 7 litros tiro forzado,95.52238805970148,depto | c | sup_mediana 47 m2 | calef: no posee | acs: calefont 7 litros tiro forzado
52,90,0.8999999999999999,38.599999999999994,40.146666666666675,31.0,47.550000000000004,1.9,1.9,1.9,1.9,1.9,1.9,1.9,1.9,0.47,0.4699999999999998,0.47,0.47,0.47,0.4699999999999998,0.47,0.47,d,100.0,depto,100.0,no posee,100.0,caldera con condensación,98.88888888888889,depto | d | sup_mediana 39 m2 | calef: no posee | acs: caldera con condensación
53,89,0.89,35.5,37.27078651685394,29.0,45.0,1.9,1.9,1.9,1.9,1.9,1.9,1.9,1.9,0.47,0.4699999999999998,0.47,0.47,0.47,0.4699999999999998,0.47,0.47,d,100.0,depto,100.0,no considera,100.0,caldera con condensación,100.0,depto | d | sup_mediana 36 m2 | calef: no considera | acs: caldera con condensación
54,190,1.9,47.05,45.21684210526316,38.25,53.7,1.7,1.6999999999999995,1.7,1.7,1.7,1.6999999999999995,1.7,1.7,0.38,0.3800000000000001,0.38,0.38,0.38,0.3800000000000001,0.38,0.38,e,100.0,depto,100.0,no posee,100.0,calefont 7 litros tiro forzado,100.0,depto | e | sup_mediana 47 m2 | calef: no posee | acs: calefont 7 litros tiro forzado
55,82,0.8200000000000001,53.4,52.576829268292684,49.4,55.5,3.0,3.0,3.0,3.0,3.0,3.0,3.0,3.0,0.6,0.6,0.6,0.6,0.6,0.6,0.6,0.6,d,100.0,depto,100.0,no posee,100.0,calefont 7 litros tiro forzado,100.0,depto | d | sup_mediana 53 m2 | calef: no posee | acs: calefont 7 litros tiro forzado
56,85,0.8500000000000001,47.6,48.776470588235306,47.6,49.3,1.7,1.699999999999999,1.7,1.7,1.7,1.699999999999999,1.7,1.7,0.38,0.3799999999999999,0.38,0.38,0.38,0.3799999999999999,0.38,0.38,d,100.0,depto,100.0,no posee,100.0,calefont 7 litros tiro forzado,100.0,depto | d | sup_mediana 48 m2 | calef: no posee | acs: calefont 7 litros tiro forzado
57,62,0.62,30.7,31.04193548387097,29.8,31.7,1.9,1.9000000000000006,1.9,1.9,1.9,1.9000000000000006,1.9,1.9,0.47,0.4699999999999998,0.47,0.47,0.47,0.4699999999999998,0.47,0.47,d,100.0,depto,100.0,no posee,100.0,calefont 7 litros tiro forzado,100.0,depto | d | sup_mediana 31 m2 | calef: no posee | acs: calefont 7 litros tiro forzado
58,68,0.6799999999999999,52.7,52.561764705882354,51.85,53.1,1.9,1.9000000000000004,1.9,1.9,1.9,1.9000000000000004,1.9,1.9,0.47,0.4699999999999998,0.47,0.47,0.47,0.4699999999999998,0.47,0.47,d,100.0,depto,100.0,no posee,100.0,calefont 7 litros tiro forzado,100.0,depto | d | sup_mediana 53 m2 | calef: no posee | acs: calefont 7 litros tiro forzado
59,63,0.63,46.5,46.26666666666667,45.9,46.5,1.9,1.9000000000000008,1.9,1.9,1.9,1.9000000000000008,1.9,1.9,0.47,0.46999999999999975,0.47,0.47,0.47,0.46999999999999975,0.47,0.47,d,100.0,depto,100.0,no posee,100.0,calefont 7 litros tiro forzado,100.0,depto | d | sup_mediana 46 m2 | calef: no posee | acs: calefont 7 litros tiro forzado
60,125,1.25,48.8,48.8936,48.4,49.4,1.9,1.8999999999999997,1.9,1.9,1.9,1.8999999999999997,1.9,1.9,0.47,0.46999999999999975,0.47,0.47,0.47,0.46999999999999975,0.47,0.47,d,100.0,depto,100.0,no posee,100.0,calefont 7 litros tiro forzado,100.0,depto | d | sup_mediana 49 m2 | calef: no posee | acs: calefont 7 litros tiro forzado
61,85,0.8500000000000001,47.2,47.219999999999985,47.2,47.2,1.9,1.9000000000000004,1.9,1.9,1.9,1.9000000000000004,1.9,1.9,0.47,0.4699999999999998,0.47,0.47,0.47,0.4699999999999998,0.47,0.47,d,100.0,depto,100.0,no posee,100.0,calefont 7 litros tiro forzado,100.0,depto | d | sup_mediana 47 m2 | calef: no posee | acs: calefont 7 litros tiro forzado
