random_state,cluster_hdbscan,n,silhouette_media,silhouette_mediana,silhouette_min,silhouette_p25,silhouette_p75,silhouette_max,pct_silhouette_negativo
101,0,100,0.5529995508148107,0.5443070094691977,0.24354588631236407,0.5083851406547337,0.6537539008864827,0.653901312709492,0.0
101,1,64,0.2715159279096716,0.28335363313416023,-0.34406080941946465,0.15457706533221185,0.4176840416121085,0.46204988473134817,1.5625
101,2,139,0.530977755413873,0.6620511492008975,0.1559549954491749,0.22359354689919625,0.6828390022350468,0.6903211797730057,0.0
101,3,253,0.853254838680897,0.8788541839321559,0.44552678077799907,0.8506861443497028,0.8939635118227846,0.9046332411976359,0.0
101,4,60,0.9491076797142146,0.955287099614346,0.9039819832236363,0.9417503180778201,0.9592954438153888,0.9614040740904056,0.0
101,5,207,0.6772613524707454,0.7479716458614242,-0.3054451424986422,0.6766549683715581,0.7806306939496641,0.7994739430903864,2.4154589371980677
101,6,191,0.871438544244186,0.8877782484640385,0.5974145449219966,0.861545081437883,0.9031410872727998,0.9074337453963922,0.0
101,7,125,0.7895690893996927,0.8232462661373402,0.479878183615924,0.7919180672855922,0.8354480365820179,0.850121638306909,0.0
101,8,86,0.5056896995347018,0.5120035381409295,0.43335113517923035,0.4785603285940642,0.5353725505428711,0.5432344827120389,0.0
101,9,85,0.5220829796093689,0.5841322431851278,0.40199684842236566,0.42814256948086055,0.6174147882488757,0.6257298870978307,0.0
101,10,209,0.7520774166023962,0.7895893334232824,0.49609113191890286,0.7408627548772713,0.8047462776053472,0.8153625751005614,0.0
101,11,173,0.8919621766954453,0.9102722080298514,0.7651493042814554,0.8896456667888851,0.9174980406806689,0.9216099559704906,0.0
101,12,428,0.8395372600600363,0.8565562024846021,0.5916377823155873,0.8295915106098374,0.8729038588275727,0.8842504607221735,0.0
101,13,188,0.9237737012040154,0.9366698738063655,0.7543174380312261,0.9177087291841275,0.9437949040384279,0.945877143614512,0.0
101,14,60,0.8775764492318071,0.9157018792192255,0.5452848908152054,0.8949790810356052,0.9163031365885352,0.9176339749954807,0.0
101,15,101,0.89856571782339,0.9239160156760206,0.5144460345891007,0.9157334092755848,0.9269810376343897,0.927874879661016,0.0
101,16,260,0.9354716429956063,0.9420054262243533,0.7676765180996415,0.9269993267857075,0.949585103050457,0.9544023719398735,0.0
101,17,128,0.6545515896278642,0.6684048110500846,0.46130526732492494,0.6388247366600684,0.6919069253472718,0.7172000715374932,0.0
101,18,187,0.6708669418731228,0.6963152170918605,0.4347004623236498,0.631423285077336,0.7207644576636394,0.7519513800833043,0.0
101,19,276,0.7260347300723853,0.744382542049044,0.4737797272076219,0.6957211620184245,0.7759461022134125,0.7913875645289945,0.0
101,20,77,0.8746283891948954,0.8940878300531171,0.7711707146019361,0.8665570921292359,0.8965885780678028,0.9074159892010697,0.0
101,21,647,0.7719923317218282,0.7928380809843387,0.4128559728273414,0.7550409495226045,0.815028892288229,0.8377284016444304,0.0
101,22,96,0.7293552671263172,0.7275339113506825,0.5777000677359824,0.7067005779373163,0.7579905324122973,0.7905176987590545,0.0
101,23,352,0.6952355535602113,0.7160760160532409,0.3284001018594891,0.6761878077461649,0.740809699097692,0.7572277967549476,0.0
101,24,159,0.5309888301325839,0.5451216414183018,0.40945245459994845,0.49936268200374945,0.5661225911202477,0.5919976892187244,0.0
101,25,206,0.7033761717969276,0.7320103890908862,0.35862768737684936,0.6897036644870592,0.7545723863947621,0.7689944078710367,0.0
101,26,221,0.7749757106656698,0.7994086811970023,0.4373844642450529,0.7601796598512787,0.8184031804112863,0.8378482655515832,0.0
101,27,77,0.5096619646904,0.5498585612407676,0.11180732344559932,0.48724374483016786,0.5962700373854338,0.6347205324768181,0.0
101,28,244,0.7720458947996702,0.7909050371253297,0.4732389097453595,0.7533227241683027,0.807047289190852,0.8267693799593615,0.0
101,29,231,0.8030524083400065,0.815854063987455,0.692491342099614,0.7769348161581442,0.8324936466528217,0.8461433750772323,0.0
101,30,89,0.8360117269361055,0.8668864225235776,0.49944190473750116,0.8313746014308956,0.8823989802768876,0.8900151369375309,0.0
101,31,53,0.8407436827020749,0.8591885625907002,0.4077060688509682,0.8026408661425346,0.8868156225616026,0.8956462353840474,0.0
101,32,178,0.16020313405218023,0.20765766711882544,-0.49421749513945057,0.11190453501612496,0.33471171063444494,0.48719707730716777,19.101123595505616
101,33,70,0.8329980766897501,0.866778098543218,0.48538755814202506,0.8354868889515531,0.8810225448760874,0.8876321937519751,0.0
101,34,52,0.8796667883936642,0.8873837187536049,0.7309749080239826,0.8609764005639253,0.9149648278409803,0.9172344474621914,0.0
101,35,51,0.7305810056078882,0.7392142407444957,0.5841939013438653,0.7051402195992622,0.7586939031461555,0.7933749179886729,0.0
101,36,1522,0.5735753909339352,0.6765444123306825,-0.5642599420834057,0.551585758877659,0.7171985673141921,0.7468428041025331,4.467805519053877
101,37,304,0.6787991761740473,0.7277630377406563,0.10544163068240131,0.650905434797916,0.7575536603467582,0.7867792580360438,0.0
102,0,102,0.5139012589659666,0.5290336165672685,0.16643422613068315,0.5125944763454479,0.5715464340988656,0.5933799074030169,0.0
102,1,147,0.4864078104843363,0.6240656539755732,0.0626666929386464,0.2340571286399787,0.6528315112876167,0.6608727534081338,0.0
102,2,263,0.8104933020554742,0.8458363464932197,0.3352870620345289,0.8156798007346835,0.8658716809931841,0.8792076852456739,0.0
102,3,72,0.9353427618927432,0.9419563067384333,0.8803415761056264,0.9221049188605479,0.9513600216269652,0.9522958475432675,0.0
102,4,215,0.7661995090095711,0.8126981951800556,-0.0008625743733100713,0.7562475605324592,0.8356861717413666,0.8508971579958533,0.46511627906976744
102,5,158,0.8797340217663924,0.9047701389189345,0.35668946382470645,0.8643217353837319,0.911611301543104,0.9181471767755804,0.0
102,6,140,0.7276461544021142,0.7691735471905367,0.3735433466840896,0.7139342970738646,0.7958682940175238,0.8075408611219319,0.0
102,7,88,0.5182509789850034,0.5707996300931135,0.2995462814389917,0.44142457888164827,0.5982591425803307,0.6102533438020357,0.0
102,8,55,0.5954960192028406,0.5927082080735265,0.555102994324096,0.5688980111194153,0.6274191906375264,0.6345573251750031,0.0
102,9,235,0.7278331827979744,0.7599208528677553,0.460973995476092,0.7153460367070822,0.7815445931504124,0.794271539341585,0.0
102,10,57,0.9159773781066586,0.9430736435813161,0.5271448119155335,0.9316851763438313,0.9438206571355965,0.9455963771077676,0.0
102,11,159,0.8917855379446729,0.9154327181172137,0.7258093279930997,0.8860477138813203,0.9220671544078057,0.9258738608117724,0.0
102,12,259,0.6998320984299579,0.7211461786932194,0.4233831746673117,0.6652453281510639,0.7571975277842031,0.768119431871065,0.0
102,13,69,0.8749139598141731,0.8991456997908317,0.7255960029535174,0.8650062853877482,0.9021157074593914,0.9070317750467564,0.0
102,14,397,0.8181904575338129,0.8305668051672159,0.5440626820334735,0.8057781938303814,0.8556917958562477,0.8671514558262531,0.0
102,15,191,0.9183572742060756,0.9347027005556708,0.776361281720105,0.91240614454668,0.9392665390070751,0.9429497541171156,0.0
102,16,246,0.92418154737406,0.9311918145128217,0.5299144362365567,0.9176649724572361,0.9421647549126833,0.9466629899578854,0.0
102,17,236,0.8021014135119258,0.8331422228903271,0.45222991802893825,0.789599302236696,0.8462445617751686,0.8569535547345796,0.0
102,18,112,0.8118178155857844,0.8425096961083733,0.5034135099463137,0.7938652658262977,0.8629982842966206,0.8710859625778142,0.0
102,19,255,0.7791398633735024,0.7919401765121569,0.5068314058436784,0.7559024212295253,0.8106219806257624,0.8262501759531237,0.0
102,20,163,0.4644927408605353,0.48021932648922255,0.3033032971619313,0.412666634740185,0.5209056224452371,0.5892932305645009,0.0
102,21,363,0.7011259905787751,0.722283940236741,0.37586333764624913,0.6794822613853704,0.7438193036205061,0.7584815325595505,0.0
102,22,110,0.709909291542896,0.7077613438255442,0.5475137236097111,0.6785311192201398,0.7602381234481036,0.7824100580442731,0.0
102,23,209,0.6522358409815193,0.6764272878918861,0.385855071753275,0.6069204087793607,0.7172993485520716,0.7385968413191523,0.0
102,24,160,0.6365467633364658,0.660446538167945,0.39363765554079694,0.5958981958711874,0.6913475846482283,0.7184559921108296,0.0
102,25,231,0.777412677186714,0.8026462428309628,0.48562595950435405,0.7559137645205005,0.8148730019800654,0.8324030146676321,0.0
102,26,3323,0.5854242820292397,0.6017025363309559,0.254407811154105,0.5621809929583883,0.6325673268481362,0.6606434471833489,0.0
102,27,72,0.6607121265955834,0.722105991026329,0.33665483309962685,0.5544926527347206,0.7579048469249545,0.7885535211799469,0.0
102,28,55,0.8968196917850922,0.9163784007659108,0.6473849149400922,0.8857969649993909,0.9259478399666753,0.9279666422414435,0.0
102,29,681,0.7473336405044064,0.7702017503173263,0.4065572285937807,0.7299610619297995,0.7925247436919219,0.8177316638057309,0.0
102,30,69,0.5082621693998504,0.5479908097820694,0.030785181742756084,0.495290962191194,0.6001350339330654,0.6215949247492419,0.0
102,31,67,0.5346030359959273,0.6324997635437922,-0.016902485513955283,0.574706034083781,0.6711716138447248,0.6945690874401113,1.4925373134328357
102,32,103,0.84647899623973,0.8677637348175761,0.5341262723165959,0.8284944095625572,0.8795631361820997,0.8932650148361174,0.0
102,33,181,0.18409765386438998,0.2888961423186242,-0.5287572966406314,0.11996636908492024,0.3774056098348054,0.48098070013673255,17.67955801104972
102,34,71,0.827562686874355,0.8520778499480552,0.6332988078293743,0.814559944981768,0.8723177103949982,0.878867046036713,0.0
102,35,51,0.8724463225472872,0.8938464328557049,0.6407650437448135,0.8523175197315156,0.9064740993339341,0.9112020042349821,0.0
103,0,108,0.5480930371950078,0.5563954781521752,0.1943459188190837,0.5358940779202104,0.5853646846877976,0.61003512817025,0.0
103,1,66,0.33593323345131343,0.351994399479452,-0.08405857322624591,0.1329948283906785,0.5498334312751563,0.5530834783399747,13.636363636363635
103,2,141,0.5940870662766944,0.6874113389946909,0.12044693387191859,0.4039008537007484,0.7056500126638271,0.714611713937119,0.0
103,3,100,0.5196397955395315,0.5874220707320894,0.31848406159464165,0.3802286655387831,0.6067423702462882,0.6250199936697174,0.0
103,4,229,0.8205740938468215,0.8500501252654169,0.33279494099962753,0.8240185920945956,0.8712833457204954,0.8852456299416871,0.0
103,5,240,0.7015317675789778,0.7831266373311785,-0.270257018686467,0.7025178142867545,0.8031765889697238,0.820691016405384,2.5
103,6,175,0.9046028191624848,0.9205342699188773,0.6357605256322604,0.8916140154621106,0.9286043757005492,0.9337155702312807,0.0
103,7,182,0.5045495643457355,0.6424496464422553,-0.07502805922817063,0.3663302556032379,0.6643441839780775,0.680745811636438,6.593406593406594
103,8,67,0.9255689519691951,0.9370401397939212,0.7736172204520047,0.9198081033020338,0.9485124230754833,0.9517661172690903,0.0
103,9,60,0.5942371867368156,0.5737484746162795,0.5080421386296989,0.5586464304672092,0.6515482608873739,0.6522414146856953,0.0
103,10,240,0.757660063372714,0.7916247312886981,0.46173132436474784,0.7546735251150629,0.8075670746098145,0.8205122242884486,0.0
103,11,174,0.8961923426439166,0.9187257139194555,0.7339667475480397,0.890393258445158,0.9258946638963302,0.9297254534515295,0.0
103,12,430,0.8471596071368572,0.8629136230370869,0.5344407157695827,0.8339904170468221,0.8791459083654775,0.8895553153682135,0.0
103,13,143,0.9176307108749006,0.930233485169014,0.7825279371191873,0.9081212668457479,0.9379040788180377,0.9417619677461813,0.0
103,14,245,0.9208845135841469,0.9297714506621269,0.7382869578315753,0.9140689617690395,0.9394288784679685,0.944960149510686,0.0
103,15,298,0.6930154332688251,0.7099745431534851,0.4401595061999221,0.6595843534774536,0.7476921181121092,0.7663248024631358,0.0
103,16,69,0.8722801969150553,0.8949890003031258,0.6575511021927619,0.8676031109842428,0.9030327266941139,0.9054417875358309,0.0
103,17,188,0.47001461516265575,0.4709017353704387,0.29768808953538584,0.40549181058541917,0.5311116865166495,0.5970023904323591,0.0
103,18,221,0.785165525874114,0.8042375328339083,0.44416185946348047,0.7617024828160744,0.8290195971556068,0.8424431304486972,0.0
103,19,67,0.9522266667863482,0.9660905729837094,0.737730202714121,0.9568553670681712,0.9684114011816579,0.9698996057767306,0.0
103,20,103,0.8704676137555395,0.9015653436685037,0.5473933281444511,0.8892277951786591,0.9051692327983962,0.9073834970227406,0.0
103,21,194,0.6502109714961278,0.6744626705234615,0.36077505936924564,0.6044717254649462,0.7107839439378194,0.7388858200076682,0.0
103,22,141,0.6058649507650757,0.6179503172264715,0.3481276328403027,0.5686341600743282,0.6636994058279263,0.6911351624377773,0.0
103,23,231,0.7490660321121898,0.7668459088546701,0.41743182568222054,0.7200279018479436,0.7926727664362283,0.8139752695661934,0.0
103,24,223,0.785845758057997,0.7954501412711408,0.4869396834652868,0.7629862434100738,0.8153753828821911,0.8343660367208463,0.0
103,25,82,0.7588162965555979,0.7955821661731084,0.5283476473769598,0.7431451853079986,0.8191987927879162,0.8297907693812534,0.0
103,26,645,0.7502191925435555,0.7675425752021128,0.4099247236869194,0.7274053432777348,0.7886691447591174,0.8180287368371548,0.0
103,27,110,0.7001212028721143,0.7048216433031484,0.5599729317721452,0.6709297674985372,0.7275255502814385,0.7707945625410566,0.0
103,28,313,0.686155969981431,0.7082616430839611,0.4680666479544339,0.6617645439939921,0.7306536909568926,0.7475755884587323,0.0
103,29,88,0.5183050548335888,0.5549909415591132,-0.04079682831701657,0.5273040658667383,0.5916989061913849,0.6343034664465952,1.1363636363636365
103,30,86,0.5514619173024302,0.61333567926,-0.003818243271347312,0.39544878972641656,0.6683669302000534,0.7123416238107781,1.1627906976744187
103,31,103,0.8381821149283217,0.85056278945207,0.5597946095447645,0.8367463675661714,0.8635823561786564,0.8820738537182974,0.0
103,32,166,0.38824625569106425,0.4904152672172506,-0.3129973096222698,0.44146433493801207,0.506421959932428,0.5838555129796039,14.457831325301203
103,33,96,0.7423387577365989,0.792643010859974,0.5520444802657303,0.6607944017962929,0.8059074884829254,0.8119793419956041,0.0
103,34,52,0.7573840792143702,0.7635102525722267,0.6328114215906928,0.7355083643050871,0.783584344541538,0.8091113943930855,0.0
103,35,1459,0.5569372914503702,0.6835274059723614,-0.5525202316503713,0.5254133572342028,0.7199997881082515,0.7452057680083662,7.470870459218642
103,36,329,0.700192567920358,0.7365784163687916,0.2677711894005852,0.6664647042844734,0.7666383286721795,0.7907689963361011,0.0
104,0,86,0.548648933059065,0.5546235589282308,0.48142302675602044,0.5261522170746413,0.5912444889329946,0.5915498067449073,0.0
104,1,65,0.3357579058860878,0.46248468117336583,0.04890893680445976,0.10189503938433694,0.4726132436173897,0.49515163579620186,0.0
104,2,138,0.4727161145499256,0.6285003783407768,0.09422061840723639,0.18866901255399782,0.6466438624777108,0.6553681024057584,0.0
104,3,249,0.8449615348108727,0.8702132327989125,0.3145075083587899,0.8384317063925472,0.890383452795197,0.9005991019062504,0.0
104,4,69,0.9272759867859598,0.9357997223434015,0.8671134396462704,0.9194957874173494,0.9425526526627289,0.9458416563079468,0.0
104,5,54,0.8725164656424595,0.8780429290885281,0.7965258571078168,0.8592816432510579,0.8909520460117022,0.9004188560566606,0.0
104,6,262,0.6792560499426349,0.757973963642874,-0.30624416812630856,0.6671634222183689,0.7839229293442317,0.8019743131731707,2.6717557251908395
104,7,180,0.9019613236842253,0.9183170397450535,0.6348940623121417,0.8809262942999907,0.9263794844930939,0.9308812981235401,0.0
104,8,135,0.7661280133038637,0.7949120957286754,0.472564516898606,0.7663485873317624,0.8152445499079812,0.8308629383008702,0.0
104,9,50,0.907312250089505,0.9259985139176754,0.7944759779250902,0.920256434324725,0.9313479253034661,0.9328331206154316,0.0
104,10,72,0.5178241129430128,0.5801312180686766,0.3962605764447681,0.42274359963700303,0.607851018548694,0.6207185750668702,0.0
104,11,252,0.7346461510413479,0.7658846053345487,0.4936238959176693,0.7295577696509611,0.7866584934856836,0.7990271340682039,0.0
104,12,51,0.9207646917730642,0.9415377039843488,0.5831809432577392,0.9267835968403857,0.9490223361426015,0.9493180238132697,0.0
104,13,126,0.8807504717156812,0.9098570722366397,0.57633324277274,0.8935905126528916,0.9128767204078528,0.9147655238652731,0.0
104,14,154,0.8924174572012411,0.9134094782236575,0.752039443602852,0.8838836632211741,0.9209969146214498,0.9255872294993807,0.0
104,15,363,0.8157918146374331,0.8350396791259554,0.5509767925415416,0.8049843480260207,0.8543339702582581,0.8652299531532524,0.0
104,16,163,0.9208851708766878,0.9320502959662724,0.7873761537320145,0.9155279030647362,0.9392988966945164,0.9434482938237482,0.0
104,17,239,0.9196249210606886,0.928451934690749,0.7874781283837492,0.913028490888363,0.9375504732268671,0.943080624344301,0.0
104,18,261,0.7152824436487368,0.7330739827075005,0.4560797068473024,0.6812246920785422,0.7721569895954635,0.7840442368593851,0.0
104,19,84,0.8343753725545368,0.8571872111857533,0.690851045954668,0.8003459547428908,0.8667209080347544,0.877986297564275,0.0
104,20,272,0.7856784818904965,0.8114019934331068,0.4522226983214217,0.7673648878133522,0.8290473023184609,0.8416487388802617,0.0
104,21,146,0.6271850460619954,0.6524311682662005,0.3616139270578492,0.5776873270569519,0.6919263357265084,0.7176939889349987,0.0
104,22,170,0.6859132532014519,0.7092180249012039,0.41477867992738776,0.6479877280532156,0.7364874556102892,0.7697873163248643,0.0
104,23,160,0.5243448136515104,0.5386641304887567,0.3701955332130135,0.5076951536695141,0.558032387378155,0.5963489527090331,0.0
104,24,190,0.6778473134716786,0.7222778594242969,0.34288008760027283,0.6492193101337194,0.7367714999418329,0.7559348139243831,0.0
104,25,246,0.7457078593943858,0.7648537210897356,0.42073015699157645,0.7203462011506636,0.7806859303684046,0.8036023813259556,0.0
104,26,331,0.689153039610014,0.702401863415786,0.3759840854426676,0.6700891388888635,0.7293110470906243,0.746252922966065,0.0
104,27,112,0.7106241823857457,0.7065770361972623,0.5800584352879553,0.6815807505821618,0.7351236450247198,0.7862049565687103,0.0
104,28,234,0.7844051686330579,0.7942711027615057,0.6423822223242254,0.7590127788633907,0.8135510392547557,0.8321521892418619,0.0
104,29,98,0.7846182639811319,0.8152931658179691,0.5012221112855527,0.7820762066328957,0.8402111328514047,0.8476818338328407,0.0
104,30,679,0.7428666286201068,0.7630431031726597,0.411800027175678,0.7252032729685348,0.790150180177476,0.8178637824728765,0.0
104,31,78,0.47302609645889687,0.5252814409843981,0.07141318025751407,0.3602283889439894,0.5873193021159157,0.6225036003459548,0.0
104,32,51,0.8043110457269438,0.818452176605757,0.31415516496105783,0.7903152958321464,0.8502639119913218,0.8664366730110585,0.0
104,33,103,0.7133847418434813,0.7336273003063412,0.5970827846381745,0.6765159166546604,0.7633808287830139,0.7695918392336407,0.0
104,34,177,0.36314426943544587,0.4304288620136414,-0.2933442497905357,0.3247521104139442,0.505471023527464,0.5471234325982129,9.6045197740113
104,35,57,0.7069448854178451,0.724448215209149,0.3864211989500411,0.6793713745105915,0.7504244991642994,0.7910667296293399,0.0
104,36,369,0.6294634825206841,0.6874024082433248,-0.08594673798066935,0.6155947714481453,0.7210432870811503,0.756574319615782,0.8130081300813009
104,37,1505,0.5406425817301997,0.6559226331459862,-0.4820774891806999,0.50603125646064,0.697933614614016,0.7274535147129568,6.378737541528238
105,0,87,0.5119558420249584,0.5476618477284774,0.24794380496443266,0.4553272667946501,0.5764899383905193,0.577230047255854,0.0
105,1,59,0.34321932962336255,0.3817105126619747,0.10307158294839322,0.12458631394091876,0.5056840706789343,0.5098880927919872,0.0
105,2,139,0.5274984834018068,0.6730766784169594,0.06372760332185913,0.17438830586919704,0.6940202931515715,0.7021382049463124,0.0
105,3,254,0.8012669348984346,0.8432193366371674,0.33603872289099895,0.8106153071902444,0.8596464983862238,0.8749304930207078,0.0
105,4,80,0.9349598910685994,0.9445270507343306,0.8687568437912164,0.9255597573936784,0.9491387427577496,0.9510462255349682,0.0
105,5,220,0.720203393613932,0.7800772952414039,-0.5661174841622552,0.7074233814039972,0.8085105036935964,0.8233129723331899,1.3636363636363635
105,6,169,0.9067267822151012,0.9188247248164747,0.806650338938655,0.889474350096526,0.9304995426920601,0.9345019852209165,0.0
105,7,127,0.7511005673432285,0.7868293999145781,0.39244241169828037,0.7430371733360022,0.8108347697259981,0.8251200665982309,0.0
105,8,102,0.5349897977412513,0.5707438033777762,0.37584776669848746,0.4584701268827237,0.6097995079651278,0.6180151720478156,0.0
105,9,234,0.7466621239022876,0.7805017767608529,0.4680523699297609,0.7411932623999802,0.7986685307337036,0.8122921070541008,0.0
105,10,158,0.8914879017274775,0.9139508751755339,0.7454326669943899,0.8863795358265599,0.9213037353763031,0.9252903073039745,0.0
105,11,223,0.9356867055233822,0.9424279239853799,0.7787989364407919,0.930317535613439,0.9503563255154737,0.9545754513871167,0.0
105,12,401,0.823518116187399,0.8386856911577102,0.5404711454872133,0.809445608521339,0.8604272605188318,0.8720037462146683,0.0
105,13,168,0.9128588289248796,0.9269116009775784,0.7879120923299707,0.9060668738178314,0.9347773319560926,0.9369017189211335,0.0
105,14,62,0.9630488587954137,0.9741670985406118,0.7371953900284196,0.9714854728827331,0.9747460946555369,0.9763303133741177,0.0
105,15,126,0.9035176150260154,0.9209213930193219,0.6711677600628474,0.9146980057369652,0.93115345001838,0.9329980789018141,0.0
105,16,199,0.806666386734819,0.834702939721604,0.4340664453405261,0.7900122208850058,0.8462752211144915,0.8573421120163759,0.0
105,17,280,0.7059714758412132,0.732429066325055,0.4402998711824287,0.6756023471862839,0.7636317429558348,0.775604989434121,0.0
105,18,77,0.8554074795192794,0.8767046614690307,0.7259300167749733,0.8294719257909241,0.8898987417937302,0.8913647640725062,0.0
105,19,191,0.6648764769324317,0.6842651165978573,0.46421912669129073,0.6193476388723428,0.7140650274489306,0.7478700473811903,0.0
105,20,154,0.6026384462885896,0.6117672887825526,0.38891185810468026,0.5695030108982101,0.6495669652708955,0.668055064409573,0.0
105,21,168,0.4940973432923597,0.4985119095428054,0.36645522263969765,0.45328988704403284,0.5368159923309348,0.5692300223575945,0.0
105,22,197,0.7002428652970167,0.7428136244941859,0.35043386211248434,0.6592200087774168,0.7553462254780595,0.7731707332084108,0.0
105,23,348,0.7057961883042316,0.7243813645799555,0.4669847668544621,0.6855341140229241,0.7497897588960668,0.7661200800286111,0.0
105,24,115,0.6932263192744381,0.7001331657411272,0.5717608298432009,0.660836242804226,0.7243647112502891,0.7624672967171969,0.0
105,25,231,0.7768338313581294,0.7926768576333345,0.5682011658162085,0.7490254782590957,0.8161329583269087,0.8310760197435346,0.0
105,26,3363,0.5826152797743714,0.5997055383823074,0.25529103672070297,0.5635542471365871,0.6280843127734088,0.6537079488084336,0.0
105,27,247,0.7912305340273622,0.8072653998016935,0.6625276454165792,0.7718672860720963,0.8209630426192505,0.8370943832427142,0.0
105,28,115,0.7892709611631744,0.8154779946174204,0.5157467482329985,0.7753754812275541,0.8404570522627632,0.8524100903157674,0.0
105,29,691,0.742825994630547,0.7647225657327926,0.416514842221841,0.726035754864381,0.7885803641189892,0.8136821269968862,0.0
105,30,75,0.5433824527215341,0.56664547834849,0.0692630518442147,0.5000629487051765,0.6463227800042226,0.6792666631846959,0.0
105,31,193,0.19553610597625992,0.22783328434462072,-0.5637162517123366,0.174983976956403,0.4093805739736378,0.49981734042354203,18.134715025906736
105,32,76,0.8634044693524586,0.8843535483506163,0.7108076694182727,0.8455136712566204,0.8979441902850027,0.9039937653922497,0.0
105,33,53,0.8723585131382411,0.8803845426774732,0.6250581065276536,0.8513812810717438,0.9013268276637098,0.9081349210948951,0.0
106,0,50,0.8797444307222496,0.9319346326896591,0.28217989664445026,0.888005781845013,0.9322758898932939,0.9324279110596334,0.0
106,1,51,0.753316511246205,0.7524244136722977,0.6692534769401368,0.7464951379677902,0.7681834843493164,0.7767040594599871,0.0
106,2,154,0.4911012770122669,0.6173528991593229,0.06295129030415349,0.23714844846467004,0.6463078243460301,0.6608264871739307,0.0
106,3,259,0.8086866520140148,0.846310753348492,0.3440576505997305,0.8132094811365295,0.8664121798235425,0.8786865046499708,0.0
106,4,77,0.9229456582589625,0.9322265874414,0.8457353282206728,0.919502299294544,0.9399721154953996,0.9426439709365858,0.0
106,5,235,0.7177782052440662,0.773687305598552,-0.17186589373871844,0.7153399227330992,0.7961446877690694,0.8145077910671754,0.851063829787234
106,6,210,0.8918211512045209,0.908625018420185,0.7067290853183968,0.8702923704130203,0.921164230888064,0.9256102328927208,0.0
106,7,133,0.7085600572113541,0.7477447812526913,0.34343267930850324,0.6647250708527922,0.7750502691369281,0.7917882306168932,0.0
106,8,94,0.5212895092169549,0.5286649244390949,0.33628347647673856,0.4937393349852773,0.5651680605214711,0.5853403414541068,0.0
106,9,77,0.508927710334256,0.578685359571434,0.3427557388692516,0.410199440094057,0.6046550834240956,0.6146342758269853,0.0
106,10,261,0.7405637494941364,0.7769573780323491,0.46720088656004877,0.7368686824138198,0.7950420716260446,0.8067134115682613,0.0
106,11,64,0.8975558358666389,0.9278259396961404,0.5332462123056287,0.918791356494947,0.9291045425592432,0.9305637055862913,0.0
106,12,106,0.9291178579677869,0.93613346568419,0.6330601651221569,0.9328255165932748,0.9472822252020437,0.948967939063806,0.0
106,13,411,0.8206004763752799,0.8368817071874607,0.5354870739774082,0.8089576169855719,0.8573088704620848,0.8690920367529724,0.0
106,14,213,0.9205755601845805,0.9277598808970425,0.736118901771135,0.913915613129886,0.9375954968096243,0.9433594739190491,0.0
106,15,155,0.9163083973457773,0.9294498557470433,0.7745583496043954,0.9097036209796858,0.9370277298727645,0.9402239597419669,0.0
106,16,181,0.878341276447354,0.8981519069864699,0.7173895174343629,0.8720465386145775,0.9070294421116463,0.9130699042809098,0.0
106,17,285,0.692865671885923,0.7112560410801784,0.4138213465543307,0.6646957676864225,0.7557544226649315,0.7672427586090786,0.0
106,18,75,0.8602916295870034,0.8821278987980975,0.653259809893483,0.8405740626215503,0.8923687700944477,0.8942231219321867,0.0
106,19,240,0.7527397771883547,0.7845402841412975,0.3283351469530495,0.7340933592405063,0.8009236880824255,0.8172860102344081,0.0
106,20,177,0.6412584750856468,0.664380487307457,0.36941661138920484,0.6046223484650336,0.702123086804438,0.7260639513628558,0.0
106,21,176,0.6192156946105075,0.6497393007419209,0.35330966379605144,0.5687224016361988,0.6813755989944279,0.710131600685114,0.0
106,22,310,0.6812192930257731,0.706823893170784,0.43410444194405495,0.6562563163937477,0.7271192217307364,0.7433104870798798,0.0
106,23,100,0.6899279471695872,0.7037881303606742,0.5837592953748222,0.65519647686814,0.7221517514844644,0.7579491194627617,0.0
106,24,209,0.7701201559459594,0.7862593037611814,0.5911319219209132,0.7440784528125074,0.8039106153477347,0.8169866342411539,0.0
106,25,110,0.7977024840400869,0.8209550830911561,0.4949965844295311,0.7803152346735673,0.8493169641949831,0.8590543018122113,0.0
106,26,649,0.7339836784886953,0.7457812439519967,0.39060551201365207,0.7126963211624011,0.7806121479063888,0.8082617504781723,0.0
106,27,168,0.5039809249687598,0.5114478013675148,0.32305924638465333,0.4812183779869513,0.5433810400466164,0.5844295814798036,0.0
106,28,187,0.6767816061394409,0.7081191437110401,0.30482702516285276,0.6465626960695334,0.7330788501785453,0.7538118327095635,0.0
106,29,53,0.5258838401236096,0.5477758979854717,0.1942608819419574,0.5165232703100989,0.5894053446672469,0.6123861978369207,0.0
106,30,208,0.7539139367900082,0.7691740512997745,0.5571876726464075,0.7316824931476349,0.7923362487901137,0.8071205782710241,0.0
106,31,171,0.1647961828780063,0.2164699553534306,-0.4878949417201757,0.04883511889723485,0.37823556649022827,0.49335909335258266,23.391812865497073
106,32,75,0.8367352423688053,0.8691130190180186,0.5722348722262932,0.8312189316633865,0.8837433239482066,0.8900111104470217,0.0
106,33,60,0.8926877490515863,0.9042211541567557,0.7968913169501118,0.8889579064070589,0.9170063395367578,0.9220331676894201,0.0
106,34,50,0.7320014739463427,0.7436795850422973,0.6009031359130165,0.7201853833322024,0.7574408087961763,0.7903636193644539,0.0
106,35,1575,0.5305524922247107,0.64494965184301,-0.5601708144838747,0.5002730495447814,0.6899655907294349,0.722133780913416,6.7936507936507935
106,36,408,0.654403342539984,0.6853228558306137,0.14221548381100205,0.6283933299368598,0.728864952361276,0.7642828648871693,0.0
107,0,117,0.5234913500685102,0.5532901234014012,0.24181178468157302,0.5259491790870495,0.5933949005824667,0.5937363711149944,0.0
107,1,149,0.5006028226398147,0.6413897394027187,0.08331908733926736,0.2158263716405172,0.6666295108048089,0.6748198371225886,0.0
107,2,286,0.8224483049844948,0.8556910617707669,0.32177938552768404,0.8242494385322167,0.8726885649738632,0.8866352877419404,0.0
107,3,56,0.9303071531293755,0.9399814863768288,0.8716164204278489,0.9145606739553418,0.9446187488021087,0.9482342521269237,0.0
107,4,243,0.721167448828899,0.7803339996992382,-0.11986342653804795,0.709839675783533,0.8016827323080533,0.8222830578066596,0.411522633744856
107,5,158,0.9025420845922153,0.9237061190718344,0.3358190650787592,0.8876706649718706,0.9319247605795241,0.9364067072291724,0.0
107,6,76,0.5072877454664503,0.6006784809346206,0.29531722234469354,0.35621974482836516,0.6240675973173281,0.6335862170387708,0.0
107,7,85,0.5252047283586536,0.5998840714818356,0.2559145276615011,0.4205407391829618,0.6154682718533633,0.6222459563283416,0.0
107,8,186,0.7772256299513084,0.812754148465235,0.48111566172437753,0.7728384602571934,0.8259100861796966,0.836332712136485,0.0
107,9,181,0.9017745089355542,0.9246952780653795,0.7442837490732643,0.8984151150445653,0.9305720788944534,0.9340183733836016,0.0
107,10,157,0.7919249498490671,0.8208178361659805,0.4950267981339349,0.78604053160599,0.8393864152036075,0.854256501374886,0.0
107,11,73,0.9178384867948246,0.9436624521274485,0.5706437006658114,0.931246567348879,0.9455334793735507,0.9460653337411858,0.0
107,12,114,0.8966038717556125,0.9202505742578222,0.5764894905807503,0.9140942362151664,0.923465070309736,0.9274368815259861,0.0
107,13,418,0.8353053751960502,0.8494313893072793,0.5355012707954455,0.8228849532221085,0.8694617764917489,0.8804211317730313,0.0
107,14,174,0.913914326530639,0.9288787283880618,0.7920946786788068,0.9021767073800946,0.9351165277686004,0.9387409290358618,0.0
107,15,236,0.9265354508311732,0.9332346392392734,0.8095460804487941,0.9234112210628003,0.9425354062743152,0.9483596225240116,0.0
107,16,167,0.5202742589308235,0.5331225677215491,0.41120416372064206,0.49060005813798147,0.5605553049706836,0.5889224340906115,0.0
107,17,204,0.6888994630051386,0.7324219447159499,0.3566906760342725,0.6555432233454753,0.7481854493557253,0.7641633698310671,0.0
107,18,237,0.693626163979556,0.7089798521438915,0.47001270061136047,0.6740283294065004,0.7468172367602117,0.7614296404282805,0.0
107,19,99,0.8609159569940327,0.8829903405214532,0.6920645053992693,0.8544985763929926,0.8898184852925141,0.8996248692886185,0.0
107,20,133,0.6312991192844084,0.6436622951178507,0.370707628494534,0.6047443953350166,0.6794822134711241,0.7035143183822977,0.0
107,21,206,0.6443013801842494,0.6632761666266698,0.4662821511029814,0.5906280452345617,0.6964899109664153,0.7228803941388022,0.0
107,22,330,0.6964499871911076,0.7121670489120255,0.4950849823490445,0.677801497616752,0.733196683760434,0.750339433303716,0.0
107,23,95,0.7415402536274575,0.734170691676642,0.6204032071270282,0.7051186543699943,0.795158572363601,0.8103364633284453,0.0
107,24,221,0.7764790300801397,0.7960471968060383,0.5049121107600163,0.7630887790942534,0.8156254516066931,0.8287030416818418,0.0
107,25,247,0.7956797156180953,0.8051797104157805,0.6413797812672077,0.7716500113726864,0.8261519069621648,0.8382726622052616,0.0
107,26,96,0.7773445978416206,0.802300116097584,0.49744050593491773,0.7650076562705218,0.8327709637479138,0.8407897333837633,0.0
107,27,708,0.7606186526181632,0.7778505201594124,0.4092109267174903,0.7398358300578435,0.7994209716592595,0.8255832756009481,0.0
107,28,73,0.5343101053316647,0.6070403408919814,0.13752869918991564,0.4920631600476979,0.6391856910674018,0.656165326979693,0.0
107,29,108,0.5363070711188208,0.5612839903990869,0.087117055823855,0.470691734453319,0.6348339976591191,0.6587558982244988,0.0
107,30,100,0.7554972214670544,0.7873358565584996,0.3200373838716832,0.7345336236716788,0.7948828255599969,0.8104752390341949,0.0
107,31,107,0.7146091119011849,0.7394928293255927,0.5827175931278651,0.6627302284899881,0.7682086881700629,0.7729324211402394,0.0
107,32,176,0.35514974364273993,0.43168424014726026,-0.3212698014697921,0.3938202416686778,0.4703100516434986,0.5281244670017635,11.363636363636363
107,33,3208,0.494769012685814,0.5473531253112707,-0.5592663613303374,0.41241827487084104,0.6029836145231097,0.6406542682196947,1.2468827930174564
107,34,52,0.7544228339712918,0.77485085245815,0.6287308891765251,0.7216105058225457,0.7890631002849203,0.8188686049379252,0.0
108,0,90,0.5055980954407414,0.5022503967651757,0.1495838855253222,0.4749011536336503,0.575030358722818,0.5752962854584578,0.0
108,1,151,0.49871497021655214,0.6352800520913175,0.04788612812782033,0.235657800345128,0.6558308491290707,0.6659565901844702,0.0
108,2,255,0.820567018178752,0.8541172200976164,0.3155983326196334,0.8223986660067221,0.8745519460890872,0.8861571073618106,0.0
108,3,67,0.9241827122949144,0.9298612825614682,0.852002476996542,0.9101755527812224,0.9423576721621505,0.943074436292104,0.0
108,4,172,0.8980623101160504,0.9146387389980366,0.5805582162457047,0.878374172850004,0.9245546481876536,0.9283663966876914,0.0
108,5,219,0.680952026206391,0.7604093758399875,-0.2916792840552705,0.6743644412102985,0.7883316676655518,0.805315213405889,2.28310502283105
108,6,80,0.5143399463086892,0.4747992756718298,0.39582545091039123,0.45800096462993595,0.5713576954268655,0.593843270513593,0.0
108,7,225,0.7345217097375495,0.7716547501623353,0.4990760482588533,0.7228770625232829,0.7894815885174211,0.800130545504355,0.0
108,8,133,0.7415966797277159,0.7796184373773343,0.5091169590864576,0.7261132998937275,0.7981089818653196,0.8155358802262171,0.0
108,9,92,0.5208460163315509,0.5711204746116793,0.28731123959396565,0.44826779200296407,0.5943958681383767,0.6042120401155865,0.0
108,10,181,0.8904112655875118,0.9062600899291422,0.7454898530853001,0.8823904820943008,0.9127455701370057,0.9203854923990948,0.0
108,11,225,0.9204526914746629,0.9296360791868553,0.6993445393343096,0.9151780548407227,0.9393426898697997,0.9447171786697856,0.0
108,12,399,0.8277149605836501,0.8467833202617309,0.5409177224609997,0.8125366553817315,0.8634562460566528,0.8744479434473728,0.0
108,13,161,0.9162535701075847,0.9267332192864106,0.7881499862220601,0.9134708458998527,0.9358379982635247,0.9401068001582789,0.0
108,14,55,0.9811742188890354,0.9846972464736284,0.9253651398880998,0.982691124654259,0.9858434750491527,0.9870253899644231,0.0
108,15,109,0.8664422275700175,0.8981093411763588,0.5115250771820048,0.8848180999593638,0.9011365447158802,0.9025439303225686,0.0
108,16,257,0.6793542184254184,0.7084597740073091,0.4308808502614491,0.6485783074204832,0.7348072675927231,0.7463197617320205,0.0
108,17,83,0.8622244356466279,0.884449613536401,0.6846420657553433,0.866451486571912,0.8919133806097524,0.8939336590644047,0.0
108,18,149,0.5139261723716348,0.5262145447254554,0.40010762649326076,0.4963672953895045,0.5491909464474983,0.5820062042575287,0.0
108,19,236,0.675447154227659,0.7020067672248662,0.37651298112800735,0.6612869822759302,0.7256238355981269,0.7478785605959843,0.0
108,20,232,0.7945539820231587,0.8242438709643146,0.4425232477666067,0.7728694373501568,0.837096368327616,0.8490360148848456,0.0
108,21,158,0.6139710905467332,0.6285566636496777,0.3688022302593107,0.582935863023939,0.6652022913329326,0.6886282674784742,0.0
108,22,188,0.6584875671940922,0.6870272796336332,0.4588393296821072,0.6028641130040618,0.7172410337628765,0.7425197547788975,0.0
108,23,339,0.6921814680262327,0.707418161905349,0.45852749816072086,0.6742413231988189,0.7367369467688771,0.7539189117258943,0.0
108,24,107,0.7095665385774196,0.7010218753998929,0.6008668313603248,0.678279609672417,0.7456140086610241,0.7820132319925253,0.0
108,25,256,0.7789731283541385,0.788105580571651,0.6473476896877167,0.7501642899226423,0.8133779844257227,0.8241311516311122,0.0
108,26,100,0.818197379594215,0.84516813284085,0.4933848436544385,0.800596114048352,0.865121584952864,0.8738946262230061,0.0
108,27,658,0.7409596549344903,0.7651608490741988,0.2718310207949174,0.7302822193248055,0.7891955343579216,0.8163942279866326,0.0
108,28,71,0.5313609383771543,0.5651481721699024,0.030342361750390543,0.5423830864913213,0.6005382810233486,0.6398847661420977,0.0
108,29,239,0.7709012900552284,0.794503019809394,0.4859100942259158,0.7487251834058839,0.8089699356650427,0.8283786647701334,0.0
108,30,3435,0.5874407611015209,0.60411900446815,0.2593906255931073,0.5656081924823324,0.634449692743068,0.6614514423491494,0.0
108,31,50,0.8292969427893422,0.8583946958283482,0.6410421944816835,0.7810033687432995,0.8823041120810433,0.8865526264045817,0.0
108,32,98,0.722660201590901,0.7352288379806937,0.6036756180951506,0.690878698485814,0.76955066525237,0.774713384195522,0.0
108,33,209,0.26100965760243167,0.37989330691479994,-0.2801861162715851,0.1668709824588256,0.4092121104221002,0.511804757860342,21.5311004784689
109,0,58,0.3274349157229894,0.41220196423441446,-0.051033388016104846,0.14064564889722192,0.47120045698120433,0.4806784403493821,3.4482758620689653
109,1,94,0.515771123084683,0.5232601691718738,0.16062243877822974,0.464815648921746,0.590987234302758,0.5915935936633973,0.0
109,2,162,0.5215635212712142,0.6435542804052208,0.05574084728888501,0.25770144774836823,0.6653749494588814,0.6757175390668888,0.0
109,3,241,0.8394086993352844,0.8641970339251611,0.324115771354282,0.8384542117288994,0.8833157545093175,0.8970353474654055,0.0
109,4,75,0.9319307188676377,0.9365566498515199,0.8712457847513885,0.9230028613521095,0.9463858020280355,0.9507060566616287,0.0
109,5,194,0.9066412461350544,0.9223419070865636,0.6110099709512847,0.8978146369962244,0.9344430600387253,0.9371125288698313,0.0
109,6,242,0.6956589642633328,0.7609569586136864,-0.2893971025880632,0.6755687293655096,0.7886542889085569,0.8069467279203315,1.2396694214876034
109,7,146,0.7865090772252457,0.8144080453235885,0.4755236751839599,0.7859861878331873,0.8290731732332153,0.8454681771392069,0.0
109,8,90,0.4942960421871219,0.5072482081952503,0.31583972041498465,0.45497995834380056,0.5537768570336392,0.5608309674199424,0.0
109,9,230,0.7724550414144776,0.8039566537645986,0.4778750661568138,0.7704696854332489,0.8246228812224645,0.8336372341753071,0.0
109,10,147,0.8762073266342727,0.8974678506209187,0.7510729971626725,0.8640880611251089,0.9058163401382977,0.9112691324035151,0.0
109,11,203,0.9277986881178117,0.9348114821661676,0.7661308274713294,0.9177012116056001,0.9432794633772446,0.9486774791070995,0.0
109,12,426,0.8225723684088312,0.8379314521581931,0.5398659390807206,0.8095577721503706,0.8600585664816314,0.8706147112883847,0.0
109,13,166,0.9211311530987197,0.9337641686565976,0.7759612418934518,0.9086754660205654,0.9400662991344937,0.9444196956370792,0.0
109,14,82,0.853128045423357,0.8776222392515458,0.650967673485513,0.846069568834781,0.8859010829046982,0.8876221851394921,0.0
109,15,266,0.7119375645008865,0.7356627170350499,0.46288408343806936,0.6802654613803121,0.7710145985141152,0.782450732257782,0.0
109,16,225,0.757171153793666,0.7777114602455566,0.37745444349591306,0.7351325878257825,0.8028362456923951,0.8182031263067152,0.0
109,17,61,0.9394603987619093,0.9588534692592082,0.5346365875872188,0.9472896544827318,0.9598320068001137,0.961065897893374,0.0
109,18,103,0.9004486119579731,0.9219943278476567,0.5665584946674266,0.9152938665154637,0.9248691833998948,0.9290912383364636,0.0
109,19,183,0.4631769395904794,0.474084716100873,0.27471111923123936,0.3926153044452144,0.5378972371741886,0.5944503016460524,0.0
109,20,163,0.6286354651928969,0.645409556521138,0.35475361490656226,0.5988929639236455,0.6756141532207443,0.7082060605865351,0.0
109,21,208,0.649188023347734,0.677523230187096,0.4000155568509965,0.6064235298266374,0.7052926173440418,0.7334405566593789,0.0
109,22,260,0.7802200646488868,0.7922929001978529,0.4611756370032313,0.7521811338613364,0.8116951292429164,0.8279748216730896,0.0
109,23,85,0.7764556062805827,0.8002342829294822,0.5138173304239726,0.7610737973261094,0.8321861801597901,0.8414137985678263,0.0
109,24,224,0.737654498116038,0.7606405520566447,0.42332536725332376,0.7225705959046457,0.7790959126619115,0.7983106554203954,0.0
109,25,99,0.7199876506063746,0.7134672788855536,0.5857539352254606,0.6879533548180055,0.7578799644436875,0.7928363770919601,0.0
109,26,336,0.6912854140296244,0.7154313492824727,0.4455827180749744,0.6699251004901061,0.737594123239034,0.7523886561175793,0.0
109,27,663,0.7525296102912015,0.773286141193753,0.4139082389848834,0.7298228453489546,0.7935174546953465,0.8237374182157863,0.0
109,28,72,0.5835821512435656,0.6100525989448933,0.2319734500800325,0.5502123034148149,0.6388823551711232,0.6763188332964528,0.0
109,29,89,0.5111043556299915,0.6201036269931206,-0.08597619642122155,0.5494193159398705,0.6520715438647334,0.7140490142114924,2.247191011235955
109,30,100,0.8410291882375687,0.8543610828907766,0.5983773465389444,0.8431243562169557,0.8704786967883533,0.8868713141552065,0.0
109,31,120,0.7536570466710134,0.8017365072522842,0.5742894489800886,0.6824534268302095,0.8154059482724737,0.8196877429589814,0.0
109,32,205,0.35636273570382354,0.43822631037610793,-0.40546572564340205,0.3716201165575473,0.49408488711546406,0.5640139100778978,12.682926829268293
109,33,51,0.722237840148216,0.7464776626413927,0.47709354057075737,0.7032078905298547,0.7603235003947086,0.7833790268669886,0.0
109,34,1454,0.5150292149259589,0.6517915930798626,-0.6381594326542339,0.45770667550840155,0.6918473756492721,0.7207161906224537,8.11554332874828
109,35,349,0.6990336670230095,0.7209759756495269,0.375541415717525,0.6684221712352417,0.7597709802877904,0.7928249010733911,0.0
110,0,97,0.5265410477640879,0.5557846214318666,0.2034058518706882,0.5219474242419279,0.5824817146138479,0.5830346281393424,0.0
110,1,53,0.3068646755074262,0.4091854029963016,0.0454361574439587,0.17926730110612835,0.4187546076825266,0.4753487180414561,0.0
110,2,157,0.5166254806776359,0.6596887756756604,0.1065916589395216,0.20075863875472647,0.6811573692929334,0.6888208347912882,0.0
110,3,258,0.8112598785851427,0.8415918762385166,0.33417325910955886,0.8138700826752787,0.8597901294294038,0.8778226364651511,0.0
110,4,79,0.9473991018611663,0.9561766658801708,0.8983157857711351,0.9431025305139074,0.9610148952084957,0.9630805287034861,0.0
110,5,176,0.8901048272447857,0.9093916552275575,0.7155584720161848,0.8715777940883549,0.9210366044393138,0.923287714026685,0.0
110,6,230,0.7071279020124678,0.7734112351601325,-0.243872132463696,0.7129979336876258,0.7976652098808027,0.8172112132045308,1.7391304347826086
110,7,119,0.7399546148600065,0.7809491207652498,0.43883894504528725,0.7385951861755686,0.7983243800755124,0.8119204255388859,0.0
110,8,72,0.5115859960216818,0.5054903224211755,0.3948848226528826,0.49247098485002205,0.5392977482626387,0.5767784617811919,0.0
110,9,74,0.511633013844186,0.6002662230806526,0.355526547771189,0.36863400215134884,0.6270605057451871,0.6305945763025543,0.0
110,10,238,0.7147379402347499,0.7464290454484821,0.4610612195041051,0.69035265192323,0.7695684573576189,0.7830579140424613,0.0
110,11,220,0.9273743036582379,0.9350303303313996,0.8109678561493314,0.9211819487769769,0.9419270692926994,0.9472135409591284,0.0
110,12,387,0.816737741918318,0.8337704156854928,0.538084241557541,0.8008321760488133,0.8570160563807164,0.8674760037402013,0.0
110,13,173,0.9175441247373355,0.9329964281813439,0.7761716346029515,0.9089312978475833,0.9396128510885996,0.9423892783521857,0.0
110,14,171,0.8885833738348053,0.9073675550766459,0.7467999674524588,0.8816575004191711,0.9199138345900202,0.9221389452932909,0.0
110,15,96,0.8722432875042241,0.9002993883856795,0.5081817896100068,0.8953937266053087,0.9073098389329918,0.9091002261074084,0.0
110,16,72,0.9401337050359948,0.9581660768704804,0.6415195608043146,0.9427004346028202,0.9602718162901266,0.9624209743943468,0.0
110,17,91,0.8383028688275659,0.8547466311228544,0.6909571138554023,0.8154505880349276,0.8744253232314412,0.8768817583769004,0.0
110,18,152,0.49916210323626287,0.5137553391118623,0.3311668994043086,0.47883845310132983,0.5310641532241821,0.5760531545083153,0.0
110,19,222,0.7004536135951914,0.7126241084566702,0.3671706707196818,0.692314979069616,0.7357395723300766,0.7696654699274902,0.0
110,20,223,0.7963196650520881,0.8251445182206114,0.4247827130620552,0.7790354668881299,0.8350615063017398,0.8486508701981933,0.0
110,21,179,0.6025622026470782,0.6170018815694617,0.38474855726641366,0.5695528695345223,0.6484374442971932,0.678516492590252,0.0
110,22,202,0.6594922405059095,0.6796975154062919,0.4079760834970143,0.6174995250071776,0.7166579565388547,0.7452551544614757,0.0
110,23,336,0.6896338558653576,0.7088410211757972,0.46047856899834394,0.6604967970610987,0.7353475707321682,0.7509726457989772,0.0
110,24,108,0.7131157392301701,0.7072502791011166,0.567845723034446,0.6762515660941302,0.7645812095673444,0.7875013057742011,0.0
110,25,3405,0.5857848342173104,0.6034192445726836,0.24939077906073637,0.56586513491042,0.6322617405649571,0.6569067971097243,0.0
110,26,232,0.7822835502913407,0.8011263790264996,0.5096541856234751,0.7592029726588279,0.8184192430759,0.8341759520683123,0.0
110,27,243,0.7844692261429067,0.7960120074797385,0.6543051825833823,0.7623531659525888,0.8142064567358196,0.8317883486115765,0.0
110,28,93,0.8093026374815144,0.834645122890318,0.4954386942409719,0.8066851534940667,0.8592490681623798,0.8677761594858957,0.0
110,29,672,0.7435456958904294,0.7631704141181983,0.39650257831996655,0.7248409478186169,0.7884027164913636,0.8128617462004298,0.0
110,30,60,0.5017621309824852,0.5285110344250173,-0.09338115323078429,0.5080490326433609,0.5734683932128043,0.6127953116575163,3.3333333333333335
110,31,169,0.22230459441387998,0.3548059664476151,-0.528860369852901,0.13913599110500824,0.44597587905905894,0.5341797062692876,17.75147928994083
110,32,64,0.38360176997703466,0.41378117668780967,-0.01446606597854299,0.25433270149871584,0.557835464437023,0.5706877185243424,4.6875
110,33,81,0.8425347162126167,0.8497000511821026,0.7015728192480953,0.8208916328671969,0.887156905520358,0.8896933549188762,0.0
110,34,52,0.8632238709357771,0.8908922928479808,0.6513269182309847,0.8498907889743892,0.9063970767863481,0.9090391489777084,0.0
110,35,57,0.8753685402563345,0.8878080751957261,0.7301741594762681,0.8548085700592649,0.9076894002681096,0.9112483642216369,0.0
111,0,92,0.5293550966579929,0.5346960137153626,0.21541272673484774,0.4958476526653334,0.6194014662013919,0.619864046157634,0.0
111,1,50,0.327053382435768,0.41466010799098113,-0.3647961413586966,0.07248283949542192,0.5137417529732871,0.5194586279125845,6.0
111,2,138,0.46970871062310415,0.6204244658932898,0.08757600002157838,0.20833109598621946,0.6413044690968794,0.6534492773080631,0.0
111,3,51,0.866661346839783,0.8703345971326805,0.8171138352032309,0.8512853379778592,0.8859930412292585,0.8994326103614119,0.0
111,4,268,0.8213340873746517,0.855051173746049,0.32279048025918666,0.8239809147282751,0.87034800490461,0.8860412407841236,0.0
111,5,56,0.9300296659796344,0.9368352337604123,0.870812480354237,0.9203379099355616,0.9448229731632756,0.9491574522708408,0.0
111,6,211,0.8975252014953436,0.9232345518585796,0.3223998491054048,0.8874535944715685,0.9314734513733608,0.9336076755224987,0.0
111,7,221,0.7103140784090476,0.7704340261986985,-0.11564007597087801,0.6955733038436894,0.7970780129188686,0.8130500634916172,0.904977375565611
111,8,121,0.7529469730670716,0.7884938998547728,0.38979440431272705,0.7418906591887994,0.8076758433631868,0.8203978928722072,0.0
111,9,50,0.905471397445708,0.9230131428149037,0.7449783018217188,0.8954487280148195,0.9336739657578296,0.9378128953042313,0.0
111,10,54,0.9229396560917694,0.9362608006751196,0.7500894189393307,0.9210561517810972,0.94531592517361,0.9498384359456222,0.0
111,11,72,0.5160256882915379,0.5738911091180162,0.408145253294656,0.4295029945592601,0.6046975113384014,0.6122208511775881,0.0
111,12,215,0.7372460782769042,0.7691370132601455,0.49201433342818895,0.720664868714226,0.7931886575229294,0.8055073543541112,0.0
111,13,143,0.8982323731278493,0.9149001656595738,0.7523129798515905,0.8920040496344046,0.9215893219890922,0.9267585320208422,0.0
111,14,449,0.8224493274244248,0.8402280965012353,0.5393149395380588,0.8098121197562862,0.8604364322211155,0.8700398276639488,0.0
111,15,192,0.9194259556350929,0.9329546581468149,0.7774414935519958,0.9146074799752518,0.939310558487916,0.9423762754584709,0.0
111,16,236,0.9329856653218938,0.940447482791857,0.7870137911068326,0.9274915499188132,0.9472502053491572,0.9522862475640794,0.0
111,17,295,0.7030002413649005,0.7269386492111678,0.4621362130930825,0.6639430350724667,0.7585699618767756,0.7718927602902121,0.0
111,18,54,0.8793889652381642,0.8909292473343738,0.7740012116871402,0.8728022022575322,0.897359061889584,0.9047499802639648,0.0
111,19,245,0.7796462657855897,0.7903039121008048,0.6520793845674537,0.7501855893067053,0.8097904033945439,0.8263377575505042,0.0
111,20,94,0.831353674236192,0.8501281091655404,0.49812587312300277,0.8142011475444184,0.8734476163071511,0.8839880998247108,0.0
111,21,216,0.7960314961075519,0.8228941413056581,0.4037926638304985,0.7819419840616941,0.8359817620936503,0.8488130739984316,0.0
111,22,152,0.6047822973605794,0.6176150620388109,0.3852180101016382,0.5594885022669762,0.6569260192355777,0.6840707194664492,0.0
111,23,210,0.6667340325376035,0.6931165964910005,0.40167763210286356,0.6257435777625548,0.7207063858409117,0.7493724415979749,0.0
111,24,149,0.4485454719200367,0.4515929325408669,0.22405684200660642,0.38126105269501687,0.5382837318779721,0.6054408229900464,0.0
111,25,71,0.9629261109318115,0.9736433828521094,0.8820420794560258,0.960918379523676,0.9745027769902558,0.975781901678536,0.0
111,26,107,0.8765682242451432,0.9026181266080531,0.5263687502275592,0.8985019412374163,0.9111463322957818,0.9132777107272303,0.0
111,27,100,0.7010457781204945,0.7074737631905124,0.6001889501666821,0.6755565988814507,0.7293818376247275,0.7642924064717469,0.0
111,28,338,0.7024269300979324,0.7162942727452751,0.3816495129549869,0.677991188975661,0.7444393354857954,0.7641511607715555,0.0
111,29,254,0.787114439370676,0.8035281375003177,0.4971085914261097,0.7651169603336319,0.8222945159165015,0.8366744609928458,0.0
111,30,3407,0.5961469593203471,0.61165982521834,0.2799550794515963,0.5761938014414747,0.6409837321263223,0.6672066053939386,0.0
111,31,644,0.7469900331074566,0.7653996158767105,0.40356077283816777,0.7198094689772905,0.7897776269257349,0.815982400268447,0.0
111,32,63,0.5322660125786666,0.5476511130975563,0.17354624089080284,0.5341483282518826,0.5879481789749844,0.6434777038020867,0.0
111,33,96,0.8365183949004605,0.8522296969245017,0.5335307164527915,0.8368463605397841,0.8689111989576702,0.881891458908297,0.0
111,34,82,0.5567489105588851,0.6195647112270671,-0.04401683436159516,0.4394823242650935,0.6925960370374535,0.7273982158168298,1.2195121951219512
111,35,97,0.49317108204087073,0.5337434766925477,0.17452591678430346,0.493664889378951,0.5433334393585092,0.5921755419173326,0.0
111,36,79,0.8235635580714338,0.846390422602704,0.646782628973546,0.7974739240501978,0.8717814345451902,0.8796645113050785,0.0
111,37,52,0.8764289619985,0.8802392951039286,0.7169876957607724,0.8569024998385792,0.9046342169786121,0.9105045614382159,0.0
112,0,52,0.9611277857443994,0.9765019935850184,0.8192765172610239,0.9749180307260938,0.9768776299199702,0.976905997993161,0.0
112,1,57,0.810017761459341,0.843369111063143,0.6980004286160613,0.802991710357096,0.8476457435677577,0.8500735940906231,0.0
112,2,168,0.5230262853830883,0.6658653491021608,0.09834684420788524,0.20541366747273299,0.6842014998399382,0.6934510041446084,0.0
112,3,259,0.8368710963720429,0.8626806979632997,0.32110630592254247,0.8349710508378301,0.8793992272020816,0.8943948856442161,0.0
112,4,74,0.9358829318114384,0.9446765706940226,0.8647304099307204,0.9321297608805921,0.9500099477459617,0.9536533107522358,0.0
112,5,229,0.7211295480606567,0.7797921508453368,-0.6104132436065298,0.7163509188688074,0.8072333841991284,0.8234169668099274,0.8733624454148471
112,6,197,0.8969862350452694,0.9136821964393085,0.6678442266017555,0.882444217135177,0.9247524162908317,0.9286078327057696,0.0
112,7,85,0.5360348541553824,0.5993416772338243,0.3441388729586753,0.44328449025402644,0.6221869912143393,0.6299686730813724,0.0
112,8,137,0.766257962329319,0.8010992441046646,0.4382221890561405,0.7650219267096555,0.8245360884601097,0.8374734450735777,0.0
112,9,217,0.7747736423504393,0.8048058665210772,0.47817018039933296,0.7774279003469503,0.8236649898225991,0.8347208567305533,0.0
112,10,156,0.887958248505063,0.9095969656022878,0.7409609781396244,0.8788864230124809,0.9176804514139121,0.9225188854603859,0.0
112,11,399,0.819374212657822,0.8368310671351208,0.5371468167314668,0.8065865258535858,0.8579225467266689,0.8685790718819147,0.0
112,12,165,0.91209504108792,0.9276217702016077,0.773784099856522,0.9005562216740401,0.9353894368547553,0.937815245178605,0.0
112,13,218,0.9262961101007345,0.932170997374786,0.8053303234977484,0.9186015122050224,0.9414679283796176,0.9480144041328413,0.0
112,14,261,0.7288574965221329,0.7570164863402686,0.454003515016136,0.6975853552175298,0.789955592980315,0.8002319700936322,0.0
112,15,58,0.8333092443800231,0.8535704363163058,0.6527707640412168,0.8045533794405744,0.8663912868110146,0.8731897402844241,0.0
112,16,67,0.9356831838380021,0.9552942847621481,0.5441076473015362,0.9525561297701115,0.9569978294621226,0.9576563981192233,0.0
112,17,108,0.9121563558494687,0.932098503145842,0.6861508458292537,0.9173675045406547,0.9367636320186264,0.9382308925659587,0.0
112,18,208,0.7870566760687352,0.8169920061137205,0.3960023746929308,0.7619032024391568,0.8357049845293388,0.8498136333665224,0.0
112,19,165,0.45889606690215945,0.4751396517040706,0.23181633947676103,0.3712786623700692,0.5637650916197015,0.6129862106910146,0.0
112,20,666,0.7482724512101304,0.7722404339191573,0.3805945842978712,0.7342116119282447,0.7920660804832538,0.8186953181247754,0.0
112,21,101,0.712124179173599,0.7092701704106499,0.5750247603994008,0.6868237926374596,0.7420009808826324,0.7820492327812056,0.0
112,22,355,0.6907635206797673,0.7093260647112742,0.4483991693841635,0.6689772883224819,0.7353886628630808,0.7538676221706699,0.0
112,23,170,0.6288231250194587,0.6408330747450359,0.42421281091119567,0.6003409057458113,0.6661120967296913,0.6938238008633031,0.0
112,24,234,0.6573077021838353,0.6775282369384701,0.407211827031591,0.6172633033557247,0.7085097722387768,0.7417458800461241,0.0
112,25,73,0.5629114466608062,0.6059034483961779,0.1101508434621031,0.5811706767009169,0.6178599714335371,0.6674384679972577,0.0
112,26,234,0.7872470138324644,0.8018211724554052,0.4904844331231885,0.7623232420357469,0.8220398598509983,0.8331718405719276,0.0
112,27,64,0.78651526119564,0.8121986806509294,0.503522033245367,0.7809697462963902,0.8443382035034064,0.8505375998390508,0.0
112,28,230,0.7702962387824784,0.7946947756367295,0.5683309680138131,0.7495539365227516,0.8107010957265126,0.8239142047406944,0.0
112,29,3380,0.588447915525057,0.6057621806031324,0.27589074787362333,0.5689995018942204,0.634098585802585,0.6614994534913738,0.0
112,30,56,0.8300327429685559,0.849235561077494,0.6676616115367929,0.7843876400545612,0.8697422542043349,0.8814870325810623,0.0
112,31,83,0.5403514099228708,0.6232398857992258,-0.03933361240597181,0.5146502515687053,0.6832345545597833,0.7010937538659521,3.614457831325301
112,32,99,0.8396529622164106,0.8599907508306125,0.5456283597157953,0.8383408000400814,0.8669951596856917,0.8894240082417189,0.0
112,33,182,0.2666603961728929,0.3198451378278898,-0.5487510134375048,0.1794325037235348,0.45478451947532517,0.5390543895101317,12.087912087912088
112,34,73,0.8498919293774994,0.8748923736997116,0.6309281149005572,0.8337062117247291,0.8925735985218967,0.8992159068928461,0.0
112,35,56,0.8654289542036501,0.8709184442510614,0.6155575886482436,0.8454071420211087,0.9011195460141125,0.9048852634923786,0.0
113,0,95,0.5263294320491072,0.5264604944757071,0.2251923747121278,0.46021931795194315,0.6175839121889766,0.6177543462581053,0.0
113,1,165,0.5292072397385594,0.6087144920888173,0.054931650055426606,0.43402876803302837,0.6322134328505765,0.6412060365675641,0.0
113,2,250,0.8448936249284734,0.8705520696965654,0.3178764869414712,0.839434327110863,0.8877141237397883,0.9015783459828831,0.0
113,3,108,0.5240632991282291,0.5895273381283564,0.3444617785396566,0.38804741459430075,0.6078990668763087,0.6299620819634061,0.0
113,4,235,0.6684257719731485,0.7628279732277915,-0.6708833685987168,0.6764209456462558,0.7871247507253372,0.8048172278904184,2.9787234042553195
113,5,174,0.8993309436827002,0.9160155457865669,0.7328262272492249,0.8769302334326774,0.9254001432999834,0.9287216622856426,0.0
113,6,189,0.5134143624100159,0.6464351931851868,-0.09053689301443749,0.3867214244502707,0.6692280536034231,0.6888514306979129,2.1164021164021163
113,7,61,0.9305825566294866,0.9399255949839377,0.8375101386717654,0.9222120306139164,0.9481397675346809,0.9530261744547104,0.0
113,8,211,0.7300585691652614,0.7653430268368375,0.49939398350181397,0.720317484309561,0.7858428970767369,0.7956546806510288,0.0
113,9,72,0.9404074929009573,0.959108632039932,0.5558776994586966,0.9492509214422507,0.9597434643246004,0.9611015895675756,0.0
113,10,110,0.9039447604944744,0.9247055556961445,0.5749590133599121,0.9144591151521596,0.9274994619963206,0.9309053298516944,0.0
113,11,206,0.9240979687742494,0.9321474102864131,0.783666943871193,0.9190957015108426,0.9407828982280744,0.9460125380739418,0.0
113,12,154,0.8906267331431491,0.9109564565114007,0.7526328253338278,0.8843586221633075,0.9203935072113272,0.9239620791707273,0.0
113,13,382,0.8019044142984936,0.8219032557102506,0.5526165317404501,0.791989590306565,0.8435650791149902,0.8538499015953153,0.0
113,14,178,0.9220505442545938,0.9371695877256783,0.7674222733938088,0.9138132800400203,0.9407817511955061,0.9453400850610001,0.0
113,15,243,0.7933565805736402,0.8237780519127552,0.43519348903112964,0.7778748133781315,0.833717389390565,0.8472872268798061,0.0
113,16,248,0.6899966644949721,0.7061953253042819,0.4734889321334492,0.6510587279946713,0.7481541607504201,0.7622872136775685,0.0
113,17,85,0.862556860089348,0.8812314998142335,0.6984896650197696,0.8576701642887344,0.8874160518878472,0.89894447987371,0.0
113,18,154,0.6247507025737435,0.6476661455967923,0.44001684338090274,0.5802052635411975,0.6778563589490121,0.7093874820648972,0.0
113,19,178,0.6633452763565048,0.6859385176822581,0.3829963798132733,0.6362232002413163,0.7204098467441284,0.7469158910117337,0.0
113,20,715,0.7651513692027025,0.7826811904330151,0.37430247167811664,0.7444715030922686,0.8034676943609627,0.8282634988309789,0.0
113,21,171,0.5222912102507518,0.5294668435495207,0.38244946386322537,0.4965915335750868,0.5664272877191308,0.598969382882064,0.0
113,22,234,0.6942516704390069,0.7339213461975973,0.33663520826378734,0.6601717837383512,0.7541974378723344,0.7647585406166858,0.0
113,23,3428,0.5846395749589286,0.6002992839128807,0.2606218010795279,0.5643790879913267,0.6298332898026572,0.6579777199398127,0.0
113,24,228,0.7876871231219087,0.8068617279415407,0.4988813016338091,0.7669412503358457,0.8243935770988398,0.8373137396535315,0.0
113,25,259,0.8044589444530059,0.8115386669988283,0.6857589967356656,0.7860153964926619,0.8300549838633482,0.8487284691914828,0.0
113,26,84,0.7447727176255201,0.7757360733581007,0.5114743647719944,0.7119526360219919,0.8013844783377453,0.8144091287804854,0.0
113,27,349,0.7041080099170259,0.7197307531214464,0.48261640166487296,0.6869140989013265,0.7478164486023394,0.761617858516012,0.0
113,28,103,0.7138375915999525,0.7124511681223775,0.6025769081302469,0.6901925131722271,0.7370058829723263,0.7817902499218828,0.0
113,29,66,0.5984872585267181,0.6479597695050511,0.2701545908781926,0.5494391730989157,0.6657627516126604,0.6951112967291766,0.0
113,30,111,0.6997061032098291,0.722425868238087,0.5879327954256179,0.659871927834462,0.7489227580280327,0.754792055842848,0.0
113,31,170,0.3279892647834848,0.422920701128881,-0.22637523245284932,0.25736139745390463,0.46969225624743194,0.520420452813222,14.117647058823529
114,0,51,0.9616401837095728,0.9761574948135048,0.8367558896891909,0.9737672708766443,0.9763494280115572,0.9764293371094277,0.0
114,1,53,0.7606766229060009,0.7670074821929747,0.6731624957762222,0.7498280303213943,0.7769436429988344,0.7792149868188418,0.0
114,2,168,0.5334581775627578,0.6196275376178996,0.0669613960155943,0.4183419598685286,0.6444854361048664,0.653943256725961,0.0
114,3,261,0.8171451134296375,0.8500899597043226,0.3321279124472088,0.820605531178601,0.8707555340018582,0.8830847754830998,0.0
114,4,124,0.5498523499264972,0.6323272906084635,0.32054324885315477,0.34951842621916684,0.6537414621675416,0.6647628746901977,0.0
114,5,180,0.8966692417714958,0.9185224885423433,0.20372533921393968,0.8795705207626313,0.9272429060969174,0.9302962289045253,0.0
114,6,237,0.7213218804545465,0.7753101915288086,0.018755108300466866,0.6891536839691761,0.8004423437025263,0.8186637503804738,0.0
114,7,73,0.5117256453111465,0.6205997334424608,0.31676354575737425,0.33696082471545086,0.6257938546915264,0.6269169409828029,0.0
114,8,137,0.7606258817570551,0.7950501357819557,0.4461347391391479,0.752046263033371,0.8178198549976421,0.8317319209202091,0.0
114,9,95,0.5156949262763756,0.516736260036298,0.3811189972475679,0.5001471882709548,0.5307700129491038,0.5797699245655216,0.0
114,10,204,0.7665473994260733,0.8035558751172525,0.446339309564428,0.7719947067920416,0.8177577400884576,0.8280655844204716,0.0
114,11,59,0.9138984834711225,0.9409413930417367,0.5616323228577583,0.9292496212956212,0.9420474136300103,0.9431333704277968,0.0
114,12,111,0.9251973043829508,0.9402189176068223,0.5664359144591549,0.9332399955570467,0.9427542092206429,0.9452038737386227,0.0
114,13,426,0.8215218712360371,0.8380336605379735,0.5523241913887744,0.8083903804484446,0.8584853507580701,0.8694139052828601,0.0
114,14,193,0.9171651727067164,0.9302093016152403,0.7853285948788892,0.9086718198411333,0.9375427289102423,0.9406384026708334,0.0
114,15,152,0.8968599633681585,0.918807351318949,0.7496409888876285,0.8899387736863817,0.9260205213324526,0.9294027357105177,0.0
114,16,221,0.9280366393037263,0.9357993939624487,0.7014384119862813,0.9245281857573943,0.9432815448738854,0.9485425024689954,0.0
114,17,73,0.717865129975368,0.7172957395483834,0.5959226948592719,0.6782238743624422,0.7647127102594551,0.7901925575208425,0.0
114,18,326,0.6990651727195601,0.7122263117951195,0.35792029425518485,0.6755905589735898,0.7466568964886018,0.7589064204422603,0.0
114,19,291,0.7298315621849758,0.7451318289881851,0.4540896041181356,0.7071442909584715,0.7795611872762258,0.7972044077148582,0.0
114,20,65,0.8581400287788782,0.8808041243309493,0.6764779891944496,0.8408281045864535,0.8832554972026463,0.8986296121239106,0.0
114,21,142,0.6317136304544976,0.6556708306903922,0.37578212747504885,0.5968416535326364,0.6778664922250981,0.7010985782340654,0.0
114,22,216,0.6766196891795204,0.6972663889048174,0.4536939137390457,0.640560745531479,0.7281278451266221,0.7567866896177963,0.0
114,23,217,0.7964498306474768,0.8240410023030201,0.43190293290235854,0.7773987306505793,0.8350052693673942,0.8468624773185746,0.0
114,24,713,0.7607336167198537,0.7773499391706158,0.39826079407972753,0.7374114918347868,0.8004994701289759,0.8270370173618798,0.0
114,25,156,0.42400234094606415,0.4270723019653127,0.2735241019970648,0.3621265240330078,0.49762493212543657,0.5596899856426263,0.0
114,26,3420,0.5775812487271866,0.594734625209104,0.27277295707691873,0.5579538390063944,0.6224264888281561,0.649971726739423,0.0
114,27,232,0.7921206979112516,0.8113694026681617,0.5651593457794976,0.770778830097492,0.8252410439020623,0.8415390279865699,0.0
114,28,238,0.7798351009631881,0.7901075777848892,0.6616998708245617,0.7533827742523057,0.8091733396981867,0.8275039917164283,0.0
114,29,100,0.8138175793151077,0.8311441016757322,0.4938961491243606,0.8047493459344787,0.8578387830013012,0.8674087732506078,0.0
114,30,67,0.5740491735483523,0.5693891102158286,0.41857094585383975,0.5523616581731516,0.6273700376463949,0.6573898468817041,0.0
114,31,82,0.8436663816602499,0.8541078232673828,0.6001870555282551,0.8443298362653162,0.8779361502623746,0.889049920979233,0.0
114,32,69,0.5439006603636746,0.6160278379734085,-0.22763699400827214,0.49347056541097306,0.6570859522526346,0.7070548958005263,1.4492753623188406
114,33,110,0.7155521478088651,0.7437996126205493,0.5849607368602092,0.6779794559264373,0.7643532870959672,0.7700645966200124,0.0
114,34,178,0.3262965732862301,0.4126132011703118,-0.28355785894538676,0.35571238288616963,0.46397875718448933,0.5195849705619505,16.853932584269664
115,0,102,0.5121587813622399,0.523212514908735,0.2465420991230202,0.4453902461655988,0.5945283527871206,0.594968233947434,0.0
115,1,133,0.465764567380992,0.5841845473631044,0.013999811363926133,0.26785894237643026,0.6193673332816166,0.6335951192865275,0.0
115,2,239,0.7947649985851208,0.8313563758048061,0.3414310708698194,0.8009240147587313,0.8510427032309841,0.8679127040314285,0.0
115,3,56,0.9288148774377613,0.9357678758744064,0.8437924838863557,0.9170158057555471,0.9428565810863672,0.9466697039341074,0.0
115,4,166,0.9018724981736154,0.918673135934371,0.6496592368454949,0.8916630117370121,0.9291162367806975,0.9333500089056114,0.0
115,5,220,0.6888771925780506,0.7693819693183683,-0.259313538225758,0.6875401655227827,0.7947794313079958,0.8113801181563686,1.8181818181818181
115,6,139,0.7691491783125605,0.8068607832086911,0.42806428327477214,0.7621085803737413,0.8262920243035361,0.8402632160178833,0.0
115,7,88,0.5117628424893073,0.5201877036096219,0.4461347450499398,0.4854631952421076,0.5299883011829655,0.5629537010268669,0.0
115,8,51,0.5721970054982647,0.5140429489205698,0.4442103889107335,0.49806406460899094,0.6676184893332724,0.672960696083675,0.0
115,9,245,0.72543673864801,0.7596382572496363,0.49141579028277493,0.7016446071356269,0.7812428862472702,0.7914082637045777,0.0
115,10,415,0.8282790066602908,0.8432985288277235,0.543049292584136,0.8147529852231504,0.8643974547145912,0.8737868412705115,0.0
115,11,154,0.810618048776237,0.8664513613410421,0.6531844522482246,0.684877773631208,0.8709858585307696,0.873606760501242,0.0
115,12,210,0.9211564699938418,0.9306796125266312,0.7216230397322313,0.9146444565923042,0.93988247830571,0.9449683939908544,0.0
115,13,172,0.9156942881762662,0.9290694023152439,0.7927676348375366,0.9103433332952242,0.9379250694951258,0.9412974677620918,0.0
115,14,186,0.8918948858323281,0.913289625696036,0.7389576982323608,0.8800861683917581,0.9215859694314571,0.9256180873252984,0.0
115,15,86,0.8465618574505117,0.8691015977829084,0.6743737313331845,0.8298364531432627,0.8806126969868892,0.8838403510057397,0.0
115,16,200,0.6855084928010803,0.7044574518451729,0.41714689353707535,0.6501206659129335,0.732293460617946,0.7686780323624703,0.0
115,17,148,0.6338656387392165,0.6619169766189646,0.41418687344660016,0.5776131187749254,0.7055631164086467,0.7228460561508081,0.0
115,18,242,0.8022525255412809,0.8269015624079312,0.4228485341390249,0.7854857680748715,0.8349009175968184,0.8507932218334643,0.0
115,19,181,0.4795542207718368,0.4852168488164178,0.29312357999646715,0.4438573475450206,0.5364934178265522,0.6004849989600756,0.0
115,20,229,0.7800021796100222,0.7931951892424702,0.6436602267726894,0.7577730400511282,0.8093111278835913,0.8273175921841525,0.0
115,21,92,0.7867109522352803,0.8161955948027593,0.5169548005572402,0.7633281997828771,0.8432412724339948,0.8513350672616437,0.0
115,22,3337,0.5851536873203752,0.6025200220746589,0.28698318998130495,0.5610725889670289,0.6325086586349432,0.6599176017961788,0.0
115,23,251,0.7906937570528408,0.8102287513923465,0.5695081484624885,0.7681686714550997,0.8290437861213893,0.8462847392345705,0.0
115,24,694,0.7443524703186071,0.7663641336849905,0.4030084047592076,0.7213264337733438,0.7870640523908092,0.8137053341755288,0.0
115,25,360,0.6822016723543324,0.6948932960719685,0.46533066553634755,0.6498389101228859,0.7277345222563466,0.7451757835177788,0.0
115,26,116,0.6987484432024518,0.6976602387687236,0.57195840634882,0.6696731522940528,0.7266162034919872,0.7731889104029074,0.0
115,27,83,0.5407082097809022,0.5906574999914225,-0.11182092358940239,0.5411629354470344,0.6143335092610993,0.6375388235988954,2.4096385542168677
115,28,89,0.8495596168952976,0.8637520030334698,0.5947768756698505,0.8519018711316746,0.8755776394680769,0.8891862076323533,0.0
115,29,89,0.539421721480255,0.6005282600972969,0.17773059472535097,0.439972428924777,0.6499562276414249,0.7045948622484317,0.0
115,30,50,0.5484111728456846,0.6916321009867124,-0.053856676035391175,0.31706004141168104,0.7319455836821925,0.7373769309248681,4.0
115,31,81,0.8443548705265753,0.8565568462772544,0.741681815695215,0.8235113807225123,0.8781322678999439,0.886762736250397,0.0
115,32,129,0.5401426160194445,0.7162119192284331,0.11509172993072637,0.3406655245070184,0.7497345407866798,0.754909147935361,0.0
115,33,80,0.4032146220285471,0.41290517395697934,0.14313512745730317,0.3335460432095162,0.48058843315789024,0.5874270370513894,0.0
115,34,56,0.7856626273340439,0.8027150080327214,0.6152258922908754,0.7526078090286676,0.8366417654609521,0.8444173770973784,0.0
