random_state,cluster_hdbscan,n,pct_total,superficie_util_mediana,superficie_util_media,superficie_util_p25,superficie_util_p75,u_norm_muro_principal_mediana,u_norm_muro_principal_media,u_norm_muro_principal_p25,u_norm_muro_principal_p75,u_norm_muro_secundario_mediana,u_norm_muro_secundario_media,u_norm_muro_secundario_p25,u_norm_muro_secundario_p75,u_norm_techo_principal_mediana,u_norm_techo_principal_media,u_norm_techo_principal_p25,u_norm_techo_principal_p75,u_norm_techo_secundario_mediana,u_norm_techo_secundario_media,u_norm_techo_secundario_p25,u_norm_techo_secundario_p75,log_calef_proyec_kwh_mediana,log_calef_proyec_kwh_media,log_calef_proyec_kwh_p25,log_calef_proyec_kwh_p75,log_acs_proyec_kwh_mediana,log_acs_proyec_kwh_media,log_acs_proyec_kwh_p25,log_acs_proyec_kwh_p75,calef_proyec_kwh_mediana,calef_proyec_kwh_media,calef_proyec_kwh_p25,calef_proyec_kwh_p75,acs_proyec_kwh_mediana,acs_proyec_kwh_media,acs_proyec_kwh_p25,acs_proyec_kwh_p75,zona_termica_moda,zona_termica_pct_moda,tipo_inmueble_moda,tipo_inmueble_pct_moda,etiqueta_arquetipo_preliminar,silhouette_media
101,36,1522,15.22,49.4,49.887253613666225,47.7,52.1,1.9,1.8999999999999995,1.9,1.9,1.9,1.8999999999999995,1.9,1.9,0.47,0.4699999999999998,0.47,0.47,0.47,0.4699999999999998,0.47,0.47,8.283506729921346,8.241159469546654,7.799014915012056,8.687855195123422,7.815166706249697,7.802630337910691,7.781180262626801,7.856629360752312,3957.05,4398.387647831801,2437.2,5929.45,2476.9,2459.737606837607,2394.1,2581.8,d,100.0,depto,100.0,depto | d | sup_mediana 49 m2 | calef: 3957 kWh | acs: 2477 kWh,0.5735753909339352
101,21,647,6.47,51.0,52.93091190108192,45.05,57.8,1.9,1.9000000000000004,1.9,1.9,1.9,1.9000000000000004,1.9,1.9,0.47,0.46999999999999986,0.47,0.47,0.47,0.46999999999999986,0.47,0.47,8.80856345412503,8.797773679710282,8.576940550939106,9.011682003556617,7.818470496523107,7.818291693151685,7.719374126939849,7.9287663216266955,6690.3,7198.999381761978,5306.85,8197.3,2485.1,2531.95486862442,2250.55,2775.0,d,100.0,casa_pareada,100.0,casa_pareada | d | sup_mediana 51 m2 | calef: 6690 kWh | acs: 2485 kWh,0.7719923317218282
101,12,428,4.279999999999999,50.15,49.08154205607477,44.1,57.5,1.7,1.6999999999999995,1.7,1.7,1.7,1.6999999999999995,1.7,1.7,0.38,0.37999999999999995,0.38,0.38,0.38,0.37999999999999995,0.38,0.38,7.683263208074065,7.367455597047259,7.028463528419202,8.341584703933306,7.952474405304911,7.946572122079118,7.834985950894627,8.044080734770414,2170.7,3023.998364485981,1127.3,4193.925,2841.6,3073.228504672897,2526.5,3114.3,e,100.0,depto,100.0,depto | e | sup_mediana 50 m2 | calef: 2171 kWh | acs: 2842 kWh,0.8395372600600363
101,23,352,3.52,83.2,85.29715909090909,63.1,98.4,1.9,1.9,1.9,1.9,1.9,1.9,1.9,1.9,0.47,0.4699999999999998,0.47,0.47,0.47,0.4699999999999998,0.47,0.47,9.456621461091977,9.456423607679742,9.232045184703072,9.781276399015818,8.172192692323142,8.15522083309883,7.9991750970687425,8.282122169973297,12791.6,14477.276420454546,10218.425,17698.4,3540.1,3546.1582386363634,2977.5,3951.575,d,100.0,casa_aislada,100.0,casa_aislada | d | sup_mediana 83 m2 | calef: 12792 kWh | acs: 3540 kWh,0.6952355535602113
101,37,304,3.04,30.6,30.43026315789474,29.0,31.8,1.9,1.9000000000000001,1.9,1.9,1.9,1.9000000000000001,1.9,1.9,0.47,0.4699999999999998,0.47,0.47,0.47,0.4699999999999998,0.47,0.47,7.057422456558634,7.09324869240834,6.753260617938255,7.419140746006642,7.379725698947599,7.355728294290663,7.2408928912501995,7.4821189235521155,1160.4499999999998,1321.7243421052633,855.85,1666.6,1602.15,1582.7338815789474,1394.35,1775.0,d,100.0,depto,100.0,depto | d | sup_mediana 31 m2 | calef: 1160 kWh | acs: 1602 kWh,0.6787991761740473
101,19,276,2.76,46.45,49.33115942028985,44.8,52.0,1.7,1.6999999999999997,1.7,1.7,1.7,1.6999999999999997,1.7,1.7,0.38,0.37999999999999995,0.38,0.38,0.38,0.37999999999999995,0.38,0.38,9.126352921720557,9.029416790480107,8.823000013726565,9.28178054613739,7.916815583589211,7.94793374755374,7.882654483963062,8.004064918587572,9193.5,9086.97463768116,6787.6,10739.675,2742.05,2844.625724637681,2649.9,2992.1,f,100.0,casa_pareada,100.0,casa_pareada | f | sup_mediana 46 m2 | calef: 9194 kWh | acs: 2742 kWh,0.7260347300723853
101,16,260,2.6,50.1,50.96346153846154,49.4,53.9,3.0,3.0,3.0,3.0,3.0,3.0,3.0,3.0,0.6,0.6,0.6,0.6,0.6,0.6,0.6,0.6,8.421986883561782,8.323473851214224,8.032772894469735,8.701464844887681,7.826083932881858,7.834769300692551,7.8149548070254475,7.882050733142866,4544.95,4732.064230769231,3079.275,6010.725,2504.1,2532.4526923076924,2476.375,2648.3,d,100.0,depto,100.0,depto | d | sup_mediana 50 m2 | calef: 4545 kWh | acs: 2504 kWh,0.9354716429956063
101,3,253,2.53,50.5,49.57193675889329,46.8,53.0,4.0,4.0,4.0,4.0,4.0,4.0,4.0,4.0,0.84,0.8400000000000001,0.84,0.84,0.84,0.8400000000000001,0.84,0.84,7.165725287448392,6.793630905587874,6.5809164913291625,7.718063079315659,7.900636613018005,7.8799261644959175,7.8287549065840265,7.9377674761579895,1293.3,1679.9592885375496,720.2,2247.6,2698.0,2719.2450592885375,2510.8,2800.1,c,100.0,depto,100.0,depto | c | sup_mediana 50 m2 | calef: 1293 kWh | acs: 2698 kWh,0.853254838680897
101,28,244,2.44,53.4,52.51229508196721,48.9,55.0,1.7,1.6999999999999993,1.7,1.7,1.7,1.6999999999999993,1.7,1.7,0.38,0.38,0.38,0.38,0.38,0.38,0.38,0.38,7.882031589164642,7.781406886849558,7.286481436906852,8.34620630997814,7.8612647213389,7.829152203899257,7.786468746500926,7.883031643204163,2648.25,3169.8934426229507,1459.425,4213.174999999999,2593.8,2548.8622950819677,2406.8,2650.9,d,100.0,depto,100.0,depto | d | sup_mediana 53 m2 | calef: 2648 kWh | acs: 2594 kWh,0.7720458947996702
101,29,231,2.31,46.9,43.709090909090904,38.75,52.2,1.6,1.6,1.6,1.6,1.6,1.6,1.6,1.6,0.33,0.32999999999999996,0.33,0.33,0.33,0.32999999999999996,0.33,0.33,8.098156403277978,7.9958418175856165,7.5957635842425,8.372257539213432,7.957387385428528,7.890283319014378,7.805005309169685,8.039737867125353,3287.4,3457.328571428571,1988.75,4324.4,2855.6,2726.3004329004334,2451.85,3100.8,g,100.0,depto,100.0,depto | g | sup_mediana 47 m2 | calef: 3287 kWh | acs: 2856 kWh,0.8030524083400065
102,26,3323,33.23,47.2,46.01005115859163,34.6,51.2,1.9,1.8999999999999997,1.9,1.9,1.9,1.8999999999999997,1.9,1.9,0.47,0.46999999999999986,0.47,0.47,0.47,0.46999999999999986,0.47,0.47,7.725771441587952,7.553038675332285,7.057897878163303,8.387460169830671,7.800818324736988,7.847870476651902,7.541736148872866,7.902006552325504,2265.0,3054.8139632861876,1161.0,4390.65,2441.6,3948.744354110208,1884.1,2701.7,d,100.0,depto,100.0,depto | d | sup_mediana 47 m2 | calef: 2265 kWh | acs: 2442 kWh,0.5854242820292397
102,29,681,6.81,51.0,52.44464023494861,45.0,57.8,1.9,1.9000000000000001,1.9,1.9,1.9,1.9000000000000001,1.9,1.9,0.47,0.4699999999999999,0.47,0.47,0.47,0.4699999999999999,0.47,0.47,8.796051448258222,8.772243396771405,8.57516016717077,8.999705756679646,7.817222785508166,7.796989562995189,7.719174264620118,7.9287663216266955,6607.1,7039.780176211455,5297.4,8099.7,2482.0,2493.7044052863434,2250.1,2775.0,d,100.0,casa_pareada,100.0,casa_pareada | d | sup_mediana 51 m2 | calef: 6607 kWh | acs: 2482 kWh,0.7473336405044064
102,14,397,3.9699999999999998,49.4,48.594710327455914,42.8,57.2,1.7,1.6999999999999997,1.7,1.7,1.7,1.6999999999999997,1.7,1.7,0.38,0.38000000000000006,0.38,0.38,0.38,0.38000000000000006,0.38,0.38,7.616775808698373,7.418169064138066,6.995308175989998,8.341767801310125,7.954266929904875,7.944419201719873,7.840431040105615,8.044080734770414,2031.0,3021.3732997481106,1090.5,4194.5,2846.7,3047.367002518892,2540.3,3114.3,e,100.0,depto,100.0,depto | e | sup_mediana 49 m2 | calef: 2031 kWh | acs: 2847 kWh,0.8181904575338129
102,21,363,3.63,81.1,84.29779614325068,63.1,98.75,1.9,1.9,1.9,1.9,1.9,1.9,1.9,1.9,0.47,0.4699999999999998,0.47,0.47,0.47,0.4699999999999998,0.47,0.47,9.491926401255911,9.495306700102986,9.306543760508177,9.774282691158685,8.143720814344247,8.154305943516242,7.9991750970687425,8.286243932167622,13251.3,14586.891460055096,11008.85,17575.0,3440.7,3536.2267217630856,2977.5,3967.8999999999996,d,100.0,casa_aislada,100.0,casa_aislada | d | sup_mediana 81 m2 | calef: 13251 kWh | acs: 3441 kWh,0.7011259905787751
102,2,263,2.63,50.9,50.471863117870726,47.6,53.3,4.0,4.0,4.0,4.0,4.0,4.0,4.0,4.0,0.84,0.8400000000000001,0.84,0.84,0.84,0.8400000000000001,0.84,0.84,7.146378401144733,6.698900961489008,6.540957094191734,7.7490636534481805,7.906805026024057,7.8655922179523,7.8548529476173155,7.941686814175914,1268.5,1598.0532319391634,691.95,2318.3999999999996,2714.7,2687.671102661597,2577.25,2811.1,c,100.0,depto,100.0,depto | c | sup_mediana 51 m2 | calef: 1268 kWh | acs: 2715 kWh,0.8104933020554742
102,12,259,2.59,46.2,48.78185328185328,44.5,51.6,1.7,1.6999999999999997,1.7,1.7,1.7,1.6999999999999997,1.7,1.7,0.38,0.37999999999999995,0.38,0.38,0.38,0.37999999999999995,0.38,0.38,9.101406813931574,9.008325242059655,8.8092045855035,9.255571830505108,7.912313265567924,7.940723140913129,7.882654483963062,7.990299365865209,8966.9,8871.745945945946,6694.85,10461.7,2729.7,2822.4324324324325,2649.9,2951.2,f,100.0,casa_pareada,100.0,casa_pareada | f | sup_mediana 46 m2 | calef: 8967 kWh | acs: 2730 kWh,0.6998320984299579
102,19,255,2.55,46.9,44.15647058823529,38.0,52.2,1.6,1.6,1.6,1.6,1.6,1.6,1.6,1.6,0.33,0.32999999999999996,0.33,0.33,0.33,0.32999999999999996,0.33,0.33,8.109315174583783,8.055533237829877,7.685373290863758,8.439898164047097,7.9832354035932,7.90757491246256,7.803067492471094,8.039737867125353,3324.3,3662.250980392157,2175.3,4627.1,2930.4,2771.802352941176,2447.1,3100.8,g,100.0,depto,100.0,depto | g | sup_mediana 47 m2 | calef: 3324 kWh | acs: 2930 kWh,0.7791398633735024
102,16,246,2.46,50.6,51.39268292682926,49.425,54.7,3.0,3.0,3.0,3.0,3.0,3.0,3.0,3.0,0.6,0.5999999999999998,0.6,0.6,0.6,0.5999999999999998,0.6,0.6,8.460827988060569,8.311360635425991,7.997113051681852,8.711342882640816,7.834550643501378,7.841083291837649,7.814853888668055,7.893721316099016,4725.0,4868.596341463414,2971.4,6070.4,2525.4,2547.220731707317,2476.125,2679.4,d,100.0,depto,100.0,depto | d | sup_mediana 51 m2 | calef: 4725 kWh | acs: 2525 kWh,0.92418154737406
102,17,236,2.36,37.6,38.20338983050848,29.6,43.675,1.9,1.8957627118644063,1.9,1.9,1.9,1.8957627118644063,1.9,1.9,0.47,0.4680932203389828,0.47,0.47,0.47,0.4680932203389828,0.47,0.47,5.762826858003033,6.003955060050796,5.050970659422435,6.753966093901544,0.0,0.0,0.0,0.0,317.5,753.9389830508475,155.175,856.475,0.0,0.0,0.0,0.0,d,100.0,depto,100.0,depto | d | sup_mediana 38 m2 | calef: 318 kWh | acs: 0 kWh,0.8021014135119258
102,9,235,2.35,50.1,52.89914893617022,46.0,57.8,3.0,3.0,3.0,3.0,3.0,3.0,3.0,3.0,0.6,0.5999999999999998,0.6,0.6,0.6,0.5999999999999998,0.6,0.6,7.1100428484169695,6.400599670703111,6.260922939114845,7.771486494003378,7.870318723186971,7.289119718089805,7.741881052801655,7.955511861963027,1223.2,1718.3161702127657,522.9,2371.15,2617.4,2875.33914893617,2301.8,2850.25,c,100.0,depto,100.0,depto | c | sup_mediana 50 m2 | calef: 1223 kWh | acs: 2617 kWh,0.7278331827979744
103,35,1459,14.59,49.4,49.589444825222756,47.3,51.4,1.9,1.8999999999999997,1.9,1.9,1.9,1.8999999999999997,1.9,1.9,0.47,0.46999999999999975,0.47,0.47,0.47,0.46999999999999975,0.47,0.47,8.326783009718664,8.259231084662552,7.826383205456487,8.706382466794873,7.814520789631221,7.80143583756977,7.779676063120352,7.8456900789141635,4132.1,4488.020562028787,2504.8500000000004,6040.35,2475.3,2454.976559287183,2390.5,2553.7,d,100.0,depto,100.0,depto | d | sup_mediana 49 m2 | calef: 4132 kWh | acs: 2475 kWh,0.5569372914503702
103,26,645,6.45,51.9,52.947441860465126,45.0,57.8,1.9,1.9,1.9,1.9,1.9,1.9,1.9,1.9,0.47,0.4699999999999998,0.47,0.47,0.47,0.4699999999999998,0.47,0.47,8.806274284781725,8.80049515350623,8.565449879979525,9.043825232964805,7.817222785508166,7.8151539384524265,7.719174264620118,7.935480045302498,6675.0,7268.952403100775,5246.2,8465.1,2482.0,2526.039069767442,2250.1,2793.7,d,100.0,casa_pareada,100.0,casa_pareada | d | sup_mediana 52 m2 | calef: 6675 kWh | acs: 2482 kWh,0.7502191925435555
103,12,430,4.3,50.0,49.02651162790698,44.4,57.5,1.7,1.6999999999999995,1.7,1.7,1.7,1.6999999999999995,1.7,1.7,0.38,0.38,0.38,0.38,0.38,0.38,0.38,0.38,7.726785963301151,7.614507102673771,7.263363314699144,8.34572254733718,7.954723334497908,7.9470026094702755,7.854148354672736,8.044080734770414,2267.3500000000004,3049.913488372093,1426.05,4211.125,2848.0,2999.27511627907,2575.4,3114.3,e,100.0,depto,100.0,depto | e | sup_mediana 50 m2 | calef: 2267 kWh | acs: 2848 kWh,0.8471596071368572
103,36,329,3.29,30.1,30.101519756838904,29.0,31.3,1.9,1.9000000000000001,1.9,1.9,1.9,1.9000000000000001,1.9,1.9,0.47,0.4699999999999998,0.47,0.47,0.47,0.4699999999999998,0.47,0.47,7.055140265895195,7.064067087442865,6.751919847424009,7.3788832758895815,7.400498395197362,7.352374975864302,7.239430313119546,7.468342023957602,1157.8,1268.869300911854,854.7,1600.8,1635.8,1575.4689969604865,1392.3,1750.7,d,100.0,depto,100.0,depto | d | sup_mediana 30 m2 | calef: 1158 kWh | acs: 1636 kWh,0.700192567920358
103,28,313,3.1300000000000003,83.2,85.20159744408946,63.1,102.0,1.9,1.9000000000000001,1.9,1.9,1.9,1.9000000000000001,1.9,1.9,0.47,0.46999999999999986,0.47,0.47,0.47,0.46999999999999986,0.47,0.47,9.437611393553631,9.445020130182181,9.219973820944421,9.717049534730332,8.173631886622887,8.162853724801261,7.9991750970687425,8.29387462478774,12550.7,14043.38370607029,10095.8,16597.2,3545.2,3564.695207667732,2977.5,3998.3,d,100.0,casa_aislada,100.0,casa_aislada | d | sup_mediana 83 m2 | calef: 12551 kWh | acs: 3545 kWh,0.686155969981431
103,15,298,2.98,46.2,49.29060402684564,44.8,52.0,1.7,1.6999999999999997,1.7,1.7,1.7,1.6999999999999997,1.7,1.7,0.38,0.37999999999999995,0.38,0.38,0.38,0.37999999999999995,0.38,0.38,9.15984612447882,9.034011307398007,8.823081018779042,9.270867456622437,7.912313265567924,7.945941355130793,7.882654483963062,8.004064918587572,9506.599999999999,9112.591275167786,6788.150000000001,10623.075,2729.7,2839.8352348993294,2649.9,2992.1,f,100.0,casa_pareada,100.0,casa_pareada | f | sup_mediana 46 m2 | calef: 9507 kWh | acs: 2730 kWh,0.6930154332688251
103,14,245,2.45,49.9,50.254285714285714,48.9,53.3,3.0,3.0,3.0,3.0,3.0,3.0,3.0,3.0,0.6,0.5999999999999998,0.6,0.6,0.6,0.5999999999999998,0.6,0.6,8.429628934343851,8.30481819504448,8.017670119154372,8.69981470321919,7.822685085216951,7.8218245294592785,7.807388033960149,7.874244706389038,4579.8,4662.019183673468,3033.1,6000.8,2495.6,2502.0795918367344,2457.7,2627.7,d,100.0,depto,100.0,depto | d | sup_mediana 50 m2 | calef: 4580 kWh | acs: 2496 kWh,0.9208845135841469
103,10,240,2.4,50.5,52.20333333333333,47.1,55.1,3.0,3.0,3.0,3.0,3.0,3.0,3.0,3.0,0.6,0.5999999999999999,0.6,0.6,0.6,0.5999999999999999,0.6,0.6,7.177979239521667,6.519468523931161,6.288416025566912,7.774842070775173,7.875613267712699,7.3994783239299045,7.747683190750277,7.944633997844885,1309.4,1741.7125,537.3,2378.975,2631.3,2637.1787499999996,2315.2,2819.4,c,100.0,depto,100.0,depto | c | sup_mediana 50 m2 | calef: 1309 kWh | acs: 2631 kWh,0.757660063372714
103,5,240,2.4,54.5,53.35666666666666,50.05,56.9,4.0,4.0,4.0,4.0,4.0,4.0,4.0,4.0,0.84,0.84,0.84,0.84,0.84,0.84,0.84,0.84,6.323460556780182,6.021159640088964,5.422345981869245,6.922394905557683,7.84290701849721,7.785526897323836,7.759400817362761,7.908460685998653,556.5,734.1408333333333,225.45,1013.75,2546.6,2440.1983333333333,2342.5,2719.2,a,100.0,depto,100.0,depto | a | sup_mediana 54 m2 | calef: 556 kWh | acs: 2547 kWh,0.7015317675789778
103,23,231,2.31,53.4,52.46493506493507,47.6,55.0,1.7,1.6999999999999993,1.7,1.7,1.7,1.6999999999999993,1.7,1.7,0.38,0.38,0.38,0.38,0.38,0.38,0.38,0.38,7.738226650405301,7.743708367155004,7.302113460574027,8.278375508916666,7.84631617950202,7.81243951632286,7.7788394180182125,7.879669914604289,2293.4,2933.399134199134,1482.4499999999998,3936.8,2555.3,2520.0800865800866,2388.5,2642.0,d,100.0,depto,100.0,depto | d | sup_mediana 53 m2 | calef: 2293 kWh | acs: 2555 kWh,0.7490660321121898
104,37,1505,15.049999999999999,49.4,49.66279069767442,47.2,51.7,1.9,1.8999999999999997,1.9,1.9,1.9,1.8999999999999997,1.9,1.9,0.47,0.4699999999999998,0.47,0.47,0.47,0.4699999999999998,0.47,0.47,8.296147438184175,8.26110652145684,7.8619196632843735,8.688318975449457,7.815328120236569,7.8035480941308775,7.779676063120352,7.856629360752312,4007.4,4452.076544850498,2595.5,5932.2,2477.3,2461.032823920266,2390.5,2581.8,d,100.0,depto,100.0,depto | d | sup_mediana 49 m2 | calef: 4007 kWh | acs: 2477 kWh,0.5406425817301997
104,30,679,6.79,52.8,53.98571428571429,45.7,58.7,1.9,1.9,1.9,1.9,1.9,1.9,1.9,1.9,0.47,0.4699999999999998,0.47,0.47,0.47,0.4699999999999998,0.47,0.47,8.809534393248741,8.797976675274807,8.580383922255606,9.04200882413936,7.84842637958167,7.8300459152723,7.741881052801655,7.946440619069898,6696.8,7221.894845360825,5325.15,8449.75,2560.7,2568.0250368188513,2301.8,2824.5,d,100.0,casa_pareada,100.0,casa_pareada | d | sup_mediana 53 m2 | calef: 6697 kWh | acs: 2561 kWh,0.7428666286201068
104,36,369,3.6900000000000004,30.1,30.353658536585368,29.0,31.7,1.9,1.8999999999999997,1.9,1.9,1.9,1.8999999999999997,1.9,1.9,0.47,0.4699999999999998,0.47,0.47,0.47,0.4699999999999998,0.47,0.47,7.186068601429818,7.218587729839089,6.829144878400226,7.51990930033255,7.372809178501959,7.3470202494538395,7.201096309285597,7.483750474731224,1319.9,1510.1650406504066,923.4,1843.4,1591.1,1571.6531165311653,1339.9,1777.9,d,100.0,depto,100.0,depto | d | sup_mediana 30 m2 | calef: 1320 kWh | acs: 1591 kWh,0.6294634825206841
104,15,363,3.63,49.9,47.72038567493112,42.8,54.5,1.7,1.6999999999999995,1.7,1.7,1.7,1.6999999999999995,1.7,1.7,0.38,0.38,0.38,0.38,0.38,0.38,0.38,0.38,7.70192357360081,7.298746411670684,7.029381215510913,8.26241173675347,7.951876182361057,7.939649686680793,7.840785064194042,8.044080734770414,2211.6,2842.3275482093663,1128.35,3874.45,2839.9,3077.250688705234,2541.2,3114.3,e,100.0,depto,100.0,depto | e | sup_mediana 50 m2 | calef: 2212 kWh | acs: 2840 kWh,0.8157918146374331
104,26,331,3.3099999999999996,83.2,86.41903323262841,63.1,105.2,1.9,1.9,1.9,1.9,1.9,1.9,1.9,1.9,0.47,0.4699999999999998,0.47,0.47,0.47,0.4699999999999998,0.47,0.47,9.521172404326663,9.552563480732278,9.313368301705033,9.865645163444992,8.189272287704782,8.167821019460192,7.9991750970687425,8.319790483594177,13644.6,15506.844712990935,11084.25,19256.35,3601.1,3591.2247734138978,2977.5,4103.3,d,100.0,casa_aislada,100.0,casa_aislada | d | sup_mediana 83 m2 | calef: 13645 kWh | acs: 3601 kWh,0.689153039610014
104,20,272,2.7199999999999998,36.3,37.32426470588236,29.1,44.8,1.9,1.8970588235294117,1.9,1.9,1.9,1.8970588235294117,1.9,1.9,0.47,0.46867647058823514,0.47,0.47,0.47,0.46867647058823514,0.47,0.47,6.118097198041348,6.037683543860517,5.073294698715866,6.830992732962318,0.0,0.0,0.0,0.0,453.0,740.4382352941177,158.7,925.325,0.0,0.0,0.0,0.0,d,100.0,depto,100.0,depto | d | sup_mediana 36 m2 | calef: 453 kWh | acs: 0 kWh,0.7856784818904965
104,6,262,2.62,54.5,53.77137404580152,49.9,57.0,4.0,4.0,4.0,4.0,4.0,4.0,4.0,4.0,0.84,0.8400000000000001,0.84,0.84,0.84,0.8400000000000001,0.84,0.84,6.031516380784941,5.890527476415072,5.076365065690213,6.83654678102684,7.848484077759927,7.797849083220413,7.737659892896942,7.877340210736037,415.35,737.636641221374,159.2,930.275,2560.85,2470.8847328244274,2292.1,2635.85,a,100.0,depto,100.0,depto | a | sup_mediana 54 m2 | calef: 415 kWh | acs: 2561 kWh,0.6792560499426349
104,18,261,2.6100000000000003,46.2,48.50804597701149,44.5,50.8,1.7,1.6999999999999997,1.7,1.7,1.7,1.6999999999999997,1.7,1.7,0.38,0.3799999999999999,0.38,0.38,0.38,0.3799999999999999,0.38,0.38,9.176938695342152,9.06481669356868,8.823000013726565,9.321318081618585,7.912313265567924,7.938221504543522,7.882654483963062,7.986674934304511,9670.5,9360.52528735632,6787.6,11172.7,2729.7,2813.5402298850577,2649.9,2940.5,f,100.0,casa_pareada,100.0,casa_pareada | f | sup_mediana 46 m2 | calef: 9670 kWh | acs: 2730 kWh,0.7152824436487368
104,11,252,2.52,50.65,52.25555555555555,45.25,55.3,3.0,3.0,3.0,3.0,3.0,3.0,3.0,3.0,0.6,0.6,0.6,0.6,0.6,0.6,0.6,0.6,7.136005450916196,6.331159003636248,6.124318483516104,7.749955608462492,7.875613267712699,7.379915871523858,7.741707290848526,7.95338864285936,1255.4,1643.1539682539683,455.85,2320.5,2631.3,2801.1861111111107,2301.4,2844.2,c,100.0,depto,100.0,depto | c | sup_mediana 51 m2 | calef: 1255 kWh | acs: 2631 kWh,0.7346461510413479
104,3,249,2.4899999999999998,50.9,50.15903614457831,47.6,53.0,4.0,4.0,4.0,4.0,4.0,4.0,4.0,4.0,0.84,0.84,0.84,0.84,0.84,0.84,0.84,0.84,7.243155512642014,6.885721060497238,6.580084198313993,7.753237205845362,7.905810312658931,7.8746447575605005,7.841532231863567,7.9377674761579895,1397.5,1632.386345381526,719.6,2328.1,2712.0,2687.750200803213,2543.1,2800.1,c,100.0,depto,100.0,depto | c | sup_mediana 51 m2 | calef: 1398 kWh | acs: 2712 kWh,0.8449615348108727
105,26,3363,33.629999999999995,47.2,45.98638120725543,34.4,51.3,1.9,1.8999999999999997,1.9,1.9,1.9,1.8999999999999997,1.9,1.9,0.47,0.46999999999999975,0.47,0.47,0.47,0.46999999999999975,0.47,0.47,7.7951525872013105,7.563735811723681,7.028910400538604,8.422068994316056,7.800818324736988,7.83829903390586,7.5342817722001865,7.898856593264467,2427.8,3148.8352066607195,1127.8,4545.3,2441.6,3925.0296340374894,1870.1,2693.2,d,100.0,depto,100.0,depto | d | sup_mediana 47 m2 | calef: 2428 kWh | acs: 2442 kWh,0.5826152797743714
105,29,691,6.909999999999999,51.2,52.84023154848046,45.1,57.8,1.9,1.9,1.9,1.9,1.9,1.9,1.9,1.9,0.47,0.4699999999999998,0.47,0.47,0.47,0.4699999999999998,0.47,0.47,8.802642773715302,8.782501872063406,8.574678773551767,9.013309145089373,7.817222785508166,7.801466550693954,7.719573989259581,7.9287663216266955,6650.8,7099.35962373372,5294.85,8210.65,2482.0,2508.9590448625186,2251.0,2775.0,d,100.0,casa_pareada,100.0,casa_pareada | d | sup_mediana 51 m2 | calef: 6651 kWh | acs: 2482 kWh,0.742825994630547
105,12,401,4.01,49.9,48.97356608478803,43.3,57.2,1.7,1.6999999999999995,1.7,1.7,1.7,1.6999999999999995,1.7,1.7,0.38,0.38,0.38,0.38,0.38,0.38,0.38,0.38,7.691108727428231,7.466082032918951,7.0284673541444,8.296122490262958,7.954582924500485,7.931868952701702,7.820118307518312,8.044080734770414,2187.8,3057.5892768079802,1127.3,4007.3,2847.6,2981.9468827930173,2489.2,3114.3,e,100.0,depto,100.0,depto | e | sup_mediana 50 m2 | calef: 2188 kWh | acs: 2848 kWh,0.823518116187399
105,23,348,3.4799999999999995,83.2,84.15229885057471,63.1,98.4,1.9,1.9000000000000001,1.9,1.9,1.9,1.9000000000000001,1.9,1.9,0.47,0.46999999999999986,0.47,0.47,0.47,0.46999999999999986,0.47,0.47,9.469853944682514,9.501933934737547,9.270068329282962,9.804641720397269,8.184402170797497,8.157931959226257,7.9991750970687425,8.29387462478774,12962.0,14620.935057471263,10614.625,18116.7,3583.6,3544.943390804597,2977.5,3998.3,d,100.0,casa_aislada,100.0,casa_aislada | d | sup_mediana 83 m2 | calef: 12962 kWh | acs: 3584 kWh,0.7057961883042316
105,17,280,2.8000000000000003,46.2,48.9075,44.5,52.0,1.7,1.6999999999999995,1.7,1.7,1.7,1.6999999999999995,1.7,1.7,0.38,0.3799999999999999,0.38,0.38,0.38,0.3799999999999999,0.38,0.38,9.12381695394893,9.005992773212675,8.794007480645961,9.242550677709188,7.912313265567924,7.941177678109713,7.882654483963062,8.004064918587572,9170.150000000001,8820.785714285712,6593.625,10326.35,2729.7,2825.2739285714288,2649.9,2992.1,f,100.0,casa_pareada,100.0,casa_pareada | f | sup_mediana 46 m2 | calef: 9170 kWh | acs: 2730 kWh,0.7059714758412132
105,3,254,2.54,51.4,51.516141732283465,48.0,53.775,4.0,4.0,4.0,4.0,4.0,4.0,4.0,4.0,0.84,0.8400000000000001,0.84,0.84,0.84,0.8400000000000001,0.84,0.84,7.229511738852713,6.629743067682889,6.492542681817046,7.763440129570075,7.907982665728846,7.8798701859420985,7.838905054470147,7.941686814175914,1378.5500000000002,1640.3838582677165,659.2,2352.0,2717.9,2706.0425196850397,2536.4249999999997,2811.1,c,100.0,depto,100.0,depto | c | sup_mediana 51 m2 | calef: 1379 kWh | acs: 2718 kWh,0.8012669348984346
105,27,247,2.4699999999999998,46.3,44.018623481781376,38.6,52.2,1.6,1.6,1.6,1.6,1.6,1.6,1.6,1.6,0.33,0.32999999999999996,0.33,0.33,0.33,0.32999999999999996,0.33,0.33,8.101374671228582,8.010512904884264,7.651442781571761,8.374371395633014,7.920737055010272,7.9039949972176595,7.804576588975197,8.039737867125353,3298.0,3509.371659919028,2102.7,4333.55,2752.8,2751.741295546559,2450.8,3100.8,g,100.0,depto,100.0,depto | g | sup_mediana 46 m2 | calef: 3298 kWh | acs: 2753 kWh,0.7912305340273622
105,9,234,2.34,51.15,52.99700854700854,45.7,57.7,3.0,3.0,3.0,3.0,3.0,3.0,3.0,3.0,0.6,0.5999999999999999,0.6,0.6,0.6,0.5999999999999999,0.6,0.6,7.136801375948961,6.5789528867680325,6.406722358419368,7.752592263346697,7.875613267712699,7.33115268719163,7.727468138305535,7.953669778649798,1256.4,1678.3025641025642,605.175,2326.6,2631.3,2975.3162393162393,2268.85,2845.0,c,100.0,depto,100.0,depto | c | sup_mediana 51 m2 | calef: 1256 kWh | acs: 2631 kWh,0.7466621239022876
105,25,231,2.31,52.2,51.73982683982685,47.6,55.0,1.7,1.6999999999999993,1.7,1.7,1.7,1.6999999999999993,1.7,1.7,0.38,0.38,0.38,0.38,0.38,0.38,0.38,0.38,7.764508298140096,7.7185805241593854,7.23118898034829,8.277881043089597,7.812337735724132,7.8030059190218,7.7788394180182125,7.883031643204163,2354.5,2956.696103896104,1380.9,3934.85,2469.9,2513.267532467533,2388.5,2650.9,d,100.0,depto,100.0,depto | d | sup_mediana 52 m2 | calef: 2354 kWh | acs: 2470 kWh,0.7768338313581294
105,11,223,2.23,50.5,51.228251121076234,49.9,53.8,3.0,3.0,3.0,3.0,3.0,3.0,3.0,3.0,0.6,0.5999999999999996,0.6,0.6,0.6,0.5999999999999996,0.6,0.6,8.357188745013314,8.33284098718658,8.033554864137308,8.700597189019447,7.832728211239126,7.83834707886366,7.822685085216951,7.881484385503557,4259.7,4707.644394618835,3081.7,6005.5,2520.8,2540.893721973094,2495.6,2646.8,d,100.0,depto,100.0,depto | d | sup_mediana 50 m2 | calef: 4260 kWh | acs: 2521 kWh,0.9356867055233822
106,35,1575,15.75,49.4,49.71542857142856,47.3,51.650000000000006,1.9,1.9,1.9,1.9,1.9,1.9,1.9,1.9,0.47,0.46999999999999986,0.47,0.47,0.47,0.46999999999999986,0.47,0.47,8.265084161809012,8.225506181451973,7.779885115070522,8.680009076818243,7.815166706249697,7.800655679249064,7.779676063120352,7.850648992650826,3884.8,4371.276825396825,2391.0,5883.1,2476.9,2455.0469206349208,2390.5,2566.4,d,100.0,depto,100.0,depto | d | sup_mediana 49 m2 | calef: 3885 kWh | acs: 2477 kWh,0.5305524922247107
106,26,649,6.49,52.8,53.526964560862865,45.7,58.7,1.9,1.9,1.9,1.9,1.9,1.9,1.9,1.9,0.47,0.4699999999999998,0.47,0.47,0.47,0.4699999999999998,0.47,0.47,8.808443888745044,8.798926290954576,8.600154712130585,9.015018678395208,7.835144197522325,7.817111126192802,7.732237692372104,7.944811261951141,6689.5,7225.868567026193,5431.5,8224.7,2526.9,2536.1713405238834,2279.7,2819.9,d,100.0,casa_pareada,100.0,casa_pareada | d | sup_mediana 53 m2 | calef: 6690 kWh | acs: 2527 kWh,0.7339836784886953
106,13,411,4.109999999999999,50.3,49.002189781021904,44.05,57.65,1.7,1.6999999999999995,1.7,1.7,1.7,1.6999999999999995,1.7,1.7,0.38,0.38,0.38,0.38,0.38,0.38,0.38,0.38,7.682067613959591,7.459649053058222,7.133193174221416,8.293481735208129,7.954723334497908,7.9433598765672855,7.838933502040334,8.044080734770414,2168.1,2988.6104622871044,1251.95,3996.75,2848.0,3022.3111922141115,2536.5,3114.3,e,100.0,depto,100.0,depto | e | sup_mediana 50 m2 | calef: 2168 kWh | acs: 2848 kWh,0.8206004763752799
106,36,408,4.08,30.4,30.42769607843137,28.875,31.6,1.9,1.8999999999999995,1.9,1.9,1.9,1.8999999999999995,1.9,1.9,0.47,0.46999999999999986,0.47,0.47,0.47,0.46999999999999986,0.47,0.47,7.209303267515483,7.201818497568065,6.833354886759377,7.5378693050958345,7.36593933142253,7.343747874760799,7.225661957310783,7.466541611570374,1350.9499999999998,1480.0825980392156,927.3,1876.825,1580.2,1565.5240196078432,1373.25,1747.55,d,100.0,depto,100.0,depto | d | sup_mediana 30 m2 | calef: 1351 kWh | acs: 1580 kWh,0.654403342539984
106,22,310,3.1,81.9,84.31645161290322,63.1,96.1,1.9,1.9,1.9,1.9,1.9,1.9,1.9,1.9,0.47,0.4699999999999998,0.47,0.47,0.47,0.4699999999999998,0.47,0.47,9.447938944228888,9.482039752274032,9.256390388800066,9.700016088783814,8.157927422601052,8.154107142867751,7.9991750970687425,8.270473903573322,12681.0,14293.071612903223,10470.275000000001,16317.425000000001,3490.0,3531.594193548388,2977.5,3905.8,d,100.0,casa_aislada,100.0,casa_aislada | d | sup_mediana 82 m2 | calef: 12681 kWh | acs: 3490 kWh,0.6812192930257731
106,17,285,2.85,46.2,49.349122807017544,46.1,52.0,1.7,1.6999999999999995,1.7,1.7,1.7,1.6999999999999995,1.7,1.7,0.38,0.37999999999999995,0.38,0.38,0.38,0.37999999999999995,0.38,0.38,9.148071273749304,9.035091172899634,8.823000013726565,9.255571830505108,7.912313265567924,7.9483778892050045,7.882654483963062,8.004064918587572,9395.3,9055.991228070176,6787.6,10461.7,2729.7,2846.2287719298247,2649.9,2992.1,f,100.0,casa_pareada,100.0,casa_pareada | f | sup_mediana 46 m2 | calef: 9395 kWh | acs: 2730 kWh,0.692865671885923
106,10,261,2.6100000000000003,50.1,52.58735632183908,44.8,55.1,3.0,3.0,3.0,3.0,3.0,3.0,3.0,3.0,0.6,0.6,0.6,0.6,0.6,0.6,0.6,0.6,7.1058681605711005,6.411847995512168,6.2128064764755635,7.671873373412661,7.881824232575647,7.36934425444116,7.730218731012139,7.953669778649798,1218.1,1568.5379310344829,498.1,2146.1,2647.7,2747.0624521072796,2275.1,2845.0,c,100.0,depto,100.0,depto | c | sup_mediana 50 m2 | calef: 1218 kWh | acs: 2648 kWh,0.7405637494941364
106,3,259,2.59,50.9,50.21505791505792,47.1,53.0,4.0,4.0,4.0,4.0,4.0,4.0,4.0,4.0,0.84,0.84,0.84,0.84,0.84,0.84,0.84,0.84,7.060218822108606,6.563086861727247,6.457308957345102,7.623627087648552,7.907982665728846,7.894319762698518,7.862227722896344,7.937785325969676,1163.7,1467.461003861004,636.35,2045.1,2717.9,2738.0787644787642,2596.3,2800.1499999999996,c,100.0,depto,100.0,depto | c | sup_mediana 51 m2 | calef: 1164 kWh | acs: 2718 kWh,0.8086866520140148
106,19,240,2.4,34.6,37.69833333333333,28.9,44.3,1.9,1.896666666666666,1.9,1.9,1.9,1.896666666666666,1.9,1.9,0.47,0.4684999999999998,0.47,0.47,0.47,0.4684999999999998,0.47,0.47,6.134043303824301,6.103404840692963,5.081967007610079,6.9235783655095045,0.0,0.0,0.0,0.0,460.3,945.6149999999999,160.1,1014.95,0.0,0.0,0.0,0.0,d,100.0,depto,100.0,depto | d | sup_mediana 35 m2 | calef: 460 kWh | acs: 0 kWh,0.7527397771883547
106,5,235,2.35,53.4,53.54255319148936,50.8,57.0,4.0,4.0,4.0,4.0,4.0,4.0,4.0,4.0,0.84,0.84,0.84,0.84,0.84,0.84,0.84,0.84,6.216406480363571,6.196395695053356,5.597301912563628,7.078643266717817,7.84290701849721,7.759601797131904,7.735978190314851,7.914617709040679,499.9,887.9817021276597,268.70000000000005,1185.4,2546.6,2395.3497872340427,2288.25,2736.0,a,100.0,depto,100.0,depto | a | sup_mediana 53 m2 | calef: 500 kWh | acs: 2547 kWh,0.7177782052440662
107,33,3208,32.08,47.1,44.97980049875312,33.8,51.2,1.9,1.8999999999999997,1.9,1.9,1.9,1.8999999999999997,1.9,1.9,0.47,0.46999999999999986,0.47,0.47,0.47,0.46999999999999986,0.47,0.47,7.791605268298129,7.64922122641931,7.105498843887808,8.375421467422074,7.796140241602584,7.743678262432702,7.4938164468179576,7.86951638490105,2419.2,3095.132917705736,1217.65,4338.1,2430.2,2500.006735266604,1795.9,2615.3,d,100.0,depto,100.0,depto | d | sup_mediana 47 m2 | calef: 2419 kWh | acs: 2430 kWh,0.494769012685814
107,27,708,7.08,51.9,52.93107344632768,45.2,57.8,1.9,1.8999999999999997,1.9,1.9,1.9,1.8999999999999997,1.9,1.9,0.47,0.4699999999999998,0.47,0.47,0.47,0.4699999999999998,0.47,0.47,8.79661861182093,8.795693564885283,8.553544386792279,9.021921262714056,7.817222785508166,7.815736103306884,7.732237692372104,7.9287663216266955,6610.85,7226.397740112994,5184.1,8281.675,2482.0,2524.827542372881,2279.7,2775.0,d,100.0,casa_pareada,100.0,casa_pareada | d | sup_mediana 52 m2 | calef: 6611 kWh | acs: 2482 kWh,0.7606186526181632
107,13,418,4.18,49.5,48.712679425837315,44.1,56.8,1.7,1.6999999999999995,1.7,1.7,1.7,1.6999999999999995,1.7,1.7,0.38,0.37999999999999995,0.38,0.38,0.38,0.37999999999999995,0.38,0.38,7.872550084304542,7.612664938757028,7.15665399244944,8.47091062015581,7.950519138120262,7.939096724515256,7.841139088282469,8.044080734770414,2623.25,3272.523923444976,1281.625,4772.975,2836.05,2996.869138755981,2542.1,3114.3,e,100.0,depto,100.0,depto | e | sup_mediana 50 m2 | calef: 2623 kWh | acs: 2836 kWh,0.8353053751960502
107,22,330,3.3000000000000003,83.2,86.66636363636364,63.1,102.1,1.9,1.9,1.9,1.9,1.9,1.9,1.9,1.9,0.47,0.4699999999999999,0.47,0.47,0.47,0.4699999999999999,0.47,0.47,9.48434432399299,9.55181966962995,9.331397709627776,9.83602743435387,8.189272287704782,8.173094045754791,7.9991750970687425,8.315713271657529,13151.2,15484.600303030302,11285.9,18694.3,3601.1,3603.1918181818182,2977.5,4086.6,d,100.0,casa_aislada,100.0,casa_aislada | d | sup_mediana 83 m2 | calef: 13151 kWh | acs: 3601 kWh,0.6964499871911076
107,2,286,2.86,51.0,51.0506993006993,47.6,53.3,4.0,4.0,4.0,4.0,4.0,4.0,4.0,4.0,0.84,0.8400000000000001,0.84,0.84,0.84,0.8400000000000001,0.84,0.84,7.182313591032629,6.821322368728986,6.579409238949133,7.782077049977185,7.907982665728846,7.878160471987618,7.842620618262862,7.941953471364245,1314.9499999999998,1779.0283216783218,719.125,2396.25,2717.9,2698.0898601398603,2545.875,2811.85,c,100.0,depto,100.0,depto | c | sup_mediana 51 m2 | calef: 1315 kWh | acs: 2718 kWh,0.8224483049844948
107,25,247,2.4699999999999998,48.5,44.42064777327935,38.6,52.2,1.6,1.6,1.6,1.6,1.6,1.6,1.6,1.6,0.33,0.32999999999999996,0.33,0.33,0.33,0.32999999999999996,0.33,0.33,8.146274427060657,8.05727690731119,7.648882743670031,8.410787685501788,7.992201027732669,7.906242191327639,7.799302396965376,8.039737867125353,3449.5,3648.2186234817814,2097.3,4494.3,2956.8,2764.6060728744937,2437.9,3100.8,g,100.0,depto,100.0,depto | g | sup_mediana 48 m2 | calef: 3450 kWh | acs: 2957 kWh,0.7956797156180953
107,4,243,2.4299999999999997,54.5,53.37818930041151,50.3,56.9,4.0,4.0,4.0,4.0,4.0,4.0,4.0,4.0,0.84,0.84,0.84,0.84,0.84,0.84,0.84,0.84,6.270042805310292,6.089978467725428,5.4346041219335275,6.867089032771272,7.84290701849721,7.771979327904854,7.734340097771799,7.908460685998653,527.5,772.8641975308642,228.3,959.1500000000001,2546.6,2419.4246913580246,2284.5,2719.2,a,100.0,depto,100.0,depto | a | sup_mediana 54 m2 | calef: 528 kWh | acs: 2547 kWh,0.721167448828899
107,18,237,2.37,47.1,49.98649789029536,46.1,52.1,1.7,1.6999999999999995,1.7,1.7,1.7,1.6999999999999995,1.7,1.7,0.38,0.38,0.38,0.38,0.38,0.38,0.38,0.38,9.148071273749304,9.029753509648373,8.822263213469245,9.261575164652541,7.928369989495185,7.957330866549388,7.9107373366349965,8.006700845440367,9395.3,9027.241350210972,6782.6,10524.7,2773.9,2873.863291139241,2725.4,3000.0,f,100.0,casa_pareada,100.0,casa_pareada | f | sup_mediana 47 m2 | calef: 9395 kWh | acs: 2774 kWh,0.693626163979556
107,15,236,2.36,49.9,51.1093220338983,49.4,53.8,3.0,3.0,3.0,3.0,3.0,3.0,3.0,3.0,0.6,0.5999999999999999,0.6,0.6,0.6,0.5999999999999999,0.6,0.6,8.463591261963796,8.30545718301182,8.008663330177061,8.73397929627425,7.822685085216951,7.83783667320731,7.815005266204143,7.881484385503557,4738.049999999999,4753.951271186441,3005.9,6209.474999999999,2495.6,2538.4627118644066,2476.5,2646.8,d,100.0,depto,100.0,depto | d | sup_mediana 50 m2 | calef: 4738 kWh | acs: 2496 kWh,0.9265354508311732
107,24,221,2.21,51.6,51.805882352941175,47.6,55.0,1.7,1.699999999999999,1.7,1.7,1.7,1.699999999999999,1.7,1.7,0.38,0.38,0.38,0.38,0.38,0.38,0.38,0.38,7.719307523920704,7.702502628061736,7.248219536872887,8.254892924900833,7.810595963131887,7.810097113682949,7.7788394180182125,7.883031643204163,2250.4,2865.493212669683,1404.6,3845.4,2465.6,2509.1199095022625,2388.5,2650.9,d,100.0,depto,100.0,depto | d | sup_mediana 52 m2 | calef: 2250 kWh | acs: 2466 kWh,0.7764790300801397
108,30,3435,34.35,47.2,45.814497816593885,34.4,51.3,1.9,1.8999999999999995,1.9,1.9,1.9,1.8999999999999995,1.9,1.9,0.47,0.4699999999999998,0.47,0.47,0.47,0.4699999999999998,0.47,0.47,7.792266344320266,7.567358410730844,7.044115220264027,8.390813120806023,7.800818324736988,7.841116709275156,7.5476071624838585,7.898856593264467,2420.8,3111.7870160116445,1145.1,4405.4,2441.6,3587.698456610367,1895.2,2693.2,d,100.0,depto,100.0,depto | d | sup_mediana 47 m2 | calef: 2421 kWh | acs: 2442 kWh,0.5874407611015209
108,27,658,6.58,52.4,53.37279635258359,45.2,58.6,1.9,1.9000000000000001,1.9,1.9,1.9,1.9000000000000001,1.9,1.9,0.47,0.4699999999999999,0.47,0.47,0.47,0.4699999999999999,0.47,0.47,8.781547671911733,8.766978786623245,8.55629364093399,8.996462674705342,7.828197381978768,7.8138062272250135,7.735646075402382,7.944261187202992,6511.95,7005.480699088145,5198.375,8073.525,2509.4,2531.794984802432,2287.5,2818.35,d,100.0,casa_pareada,100.0,casa_pareada | d | sup_mediana 52 m2 | calef: 6512 kWh | acs: 2509 kWh,0.7409596549344903
108,12,399,3.9899999999999998,49.5,48.533082706766926,44.1,56.7,1.7,1.6999999999999993,1.7,1.7,1.7,1.6999999999999993,1.7,1.7,0.38,0.38,0.38,0.38,0.38,0.38,0.38,0.38,7.754395780499191,7.460417198666261,7.045775059315991,8.324382714990861,7.954723334497908,7.9526685261287975,7.854148354672736,8.044080734770414,2330.8,3016.6924812030074,1147.0,4122.2,2848.0,3055.79298245614,2575.4,3114.3,e,100.0,depto,100.0,depto | e | sup_mediana 50 m2 | calef: 2331 kWh | acs: 2848 kWh,0.8277149605836501
108,23,339,3.39,81.1,83.97109144542775,63.1,97.85,1.9,1.8999999999999997,1.9,1.9,1.9,1.8999999999999997,1.9,1.9,0.47,0.46999999999999986,0.47,0.47,0.47,0.46999999999999986,0.47,0.47,9.452870777890572,9.494974776273809,9.279628030152196,9.707119778688236,8.172192692323142,8.153793068909087,7.9991750970687425,8.283026432686663,12743.7,14579.682890855458,10716.45,16433.2,3540.1,3533.405604719764,2977.5,3955.15,d,100.0,casa_aislada,100.0,casa_aislada | d | sup_mediana 81 m2 | calef: 12744 kWh | acs: 3540 kWh,0.6921814680262327
108,16,257,2.5700000000000003,46.2,49.498443579766544,44.5,52.0,1.7,1.6999999999999995,1.7,1.7,1.7,1.6999999999999995,1.7,1.7,0.38,0.38,0.38,0.38,0.38,0.38,0.38,0.38,9.07970763134073,8.981111770403169,8.761315149115639,9.225593450063984,7.912313265567924,7.947451002482825,7.882654483963062,8.004064918587572,8774.4,8676.383657587548,6381.5,10152.7,2729.7,2846.0961089494162,2649.9,2992.1,f,100.0,casa_pareada,100.0,casa_pareada | f | sup_mediana 46 m2 | calef: 8774 kWh | acs: 2730 kWh,0.6793542184254184
108,25,256,2.56,48.8,44.719140625,39.3,52.2,1.6,1.6000000000000003,1.6,1.6,1.6,1.6000000000000003,1.6,1.6,0.33,0.33,0.33,0.33,0.33,0.33,0.33,0.33,8.229084156274752,8.093128985277335,7.655312071107624,8.480176011283294,7.984206691280422,7.909156212194727,7.813928804391615,8.039737867125353,3747.4,3874.108203125,2110.9249999999997,4817.3,2933.25,2770.451953125,2473.85,3100.8,g,100.0,depto,100.0,depto | g | sup_mediana 49 m2 | calef: 3747 kWh | acs: 2933 kWh,0.7789731283541385
108,2,255,2.55,51.0,51.281176470588235,47.6,53.4,4.0,4.0,4.0,4.0,4.0,4.0,4.0,4.0,0.84,0.8400000000000001,0.84,0.84,0.84,0.8400000000000001,0.84,0.84,7.237850080065525,6.812376958771773,6.602162834594573,7.782886610852513,7.905515392653845,7.875406453742288,7.845018340776116,7.9377674761579895,1390.1,1761.7462745098042,735.75,2398.2,2711.2,2690.229803921569,2552.0,2800.1,c,100.0,depto,100.0,depto | c | sup_mediana 51 m2 | calef: 1390 kWh | acs: 2711 kWh,0.820567018178752
108,29,239,2.39,53.4,52.666108786610884,47.6,56.0,1.7,1.6999999999999993,1.7,1.7,1.7,1.6999999999999993,1.7,1.7,0.38,0.38,0.38,0.38,0.38,0.38,0.38,0.38,7.893422808634113,7.82145891202958,7.366284297692111,8.36760071782938,7.84631617950202,7.813669536481376,7.7788394180182125,7.883031643204163,2678.6,3246.4715481171547,1580.75,4304.35,2555.3,2535.23179916318,2388.5,2650.9,d,100.0,depto,100.0,depto | d | sup_mediana 53 m2 | calef: 2679 kWh | acs: 2555 kWh,0.7709012900552284
108,19,236,2.36,48.8,51.797881355932205,41.8,60.0,1.6,1.6,1.6,1.6,1.6,1.6,1.6,1.6,0.33,0.32999999999999996,0.33,0.33,0.33,0.32999999999999996,0.33,0.33,9.111745804470619,9.154269204330392,8.841362022706445,9.523830864799235,7.956301589976762,7.973725163429534,7.833283216208774,8.112527763478637,9060.1,10166.449152542373,6913.425,13680.925,2852.5,2945.8792372881358,2522.2,3335.0,f,100.0,casa_aislada,100.0,casa_aislada | f | sup_mediana 49 m2 | calef: 9060 kWh | acs: 2852 kWh,0.675447154227659
108,20,232,2.32,38.45,38.38793103448276,29.2,45.6,1.9,1.897413793103448,1.9,1.9,1.9,1.897413793103448,1.9,1.9,0.47,0.46883620689655153,0.47,0.47,0.47,0.46883620689655153,0.47,0.47,5.9389863317857285,6.0996017423706,5.091138546089072,7.012862310952919,0.0,0.0,0.0,0.0,379.15,857.3943965517242,161.575,1110.1499999999999,0.0,0.0,0.0,0.0,d,100.0,depto,100.0,depto | d | sup_mediana 38 m2 | calef: 379 kWh | acs: 0 kWh,0.7945539820231587
109,34,1454,14.540000000000001,49.25,49.471320495185694,47.2,51.6,1.9,1.9,1.9,1.9,1.9,1.9,1.9,1.9,0.47,0.46999999999999975,0.47,0.47,0.47,0.46999999999999975,0.47,0.47,8.266151553237968,8.192917397066902,7.727490983882054,8.694091736790636,7.810555420673793,7.7930532201866445,7.779676063120352,7.848738623446664,3888.95,4271.411691884457,2268.9,5966.55,2465.5,2436.3301445285615,2390.5,2561.5,d,100.0,depto,100.0,depto | d | sup_mediana 49 m2 | calef: 3889 kWh | acs: 2466 kWh,0.5150292149259589
109,27,663,6.63,52.6,52.82428355957768,45.0,57.8,1.9,1.9000000000000001,1.9,1.9,1.9,1.9000000000000001,1.9,1.9,0.47,0.46999999999999986,0.47,0.47,0.47,0.46999999999999986,0.47,0.47,8.795097618103922,8.763518974513506,8.555942622991541,9.000821887133416,7.822044008185619,7.802924193045848,7.719174264620118,7.904261008653183,6600.8,6944.316591251886,5196.55,8108.75,2494.0,2504.970739064857,2250.1,2707.8,d,100.0,casa_pareada,100.0,casa_pareada | d | sup_mediana 53 m2 | calef: 6601 kWh | acs: 2494 kWh,0.7525296102912015
109,12,426,4.26,49.1,48.315023474178396,43.375,57.25,1.7,1.6999999999999995,1.7,1.7,1.7,1.6999999999999995,1.7,1.7,0.38,0.38,0.38,0.38,0.38,0.38,0.38,0.38,7.738678628296768,7.4791364352503695,7.086384359395542,8.363498773513445,7.951876182361057,7.94458426838905,7.834985950894627,8.044080734770414,2294.45,3164.656103286385,1194.65,4286.674999999999,2839.9,3043.006807511737,2526.5,3114.3,e,100.0,depto,100.0,depto | e | sup_mediana 49 m2 | calef: 2294 kWh | acs: 2840 kWh,0.8225723684088312
109,35,349,3.49,30.4,30.49799426934098,29.0,31.7,1.9,1.8999999999999997,1.9,1.9,1.9,1.8999999999999997,1.9,1.9,0.47,0.46999999999999986,0.47,0.47,0.47,0.46999999999999986,0.47,0.47,7.094234845924755,7.088526558398993,6.816735880594968,7.3583212143353975,7.317876198626496,7.333045496355511,7.201096309285597,7.454141078146678,1204.0,1276.8277936962752,912.0,1568.2,1506.0,1547.6300859598855,1339.9,1726.0,d,100.0,depto,100.0,depto | d | sup_mediana 30 m2 | calef: 1204 kWh | acs: 1506 kWh,0.6990336670230095
109,26,336,3.36,81.2,84.67113095238095,63.1,96.1,1.9,1.9,1.9,1.9,1.9,1.9,1.9,1.9,0.47,0.46999999999999986,0.47,0.47,0.47,0.46999999999999986,0.47,0.47,9.455722990850626,9.466376545151595,9.246030816716171,9.714369764125928,8.150379567977414,8.157264928083162,7.9991750970687425,8.275908983369671,12780.15,14293.897916666667,10362.35,16552.8,3463.7,3540.1803571428572,2977.5,3927.1,d,100.0,casa_aislada,100.0,casa_aislada | d | sup_mediana 81 m2 | calef: 12780 kWh | acs: 3464 kWh,0.6912854140296244
109,15,266,2.6599999999999997,46.2,49.41315789473685,44.8,52.0,1.7,1.6999999999999997,1.7,1.7,1.7,1.6999999999999997,1.7,1.7,0.38,0.37999999999999995,0.38,0.38,0.38,0.37999999999999995,0.38,0.38,9.147911610955765,9.058328365335086,8.847158590122755,9.255571830505108,7.912313265567924,7.9482135232523214,7.882654483963062,8.004064918587572,9393.8,9151.239097744361,6953.6,10461.7,2729.7,2846.5563909774437,2649.9,2992.1,f,100.0,casa_pareada,100.0,casa_pareada | f | sup_mediana 46 m2 | calef: 9394 kWh | acs: 2730 kWh,0.7119375645008865
109,22,260,2.6,46.4,44.38346153846153,38.0,52.2,1.6,1.6,1.6,1.6,1.6,1.6,1.6,1.6,0.33,0.33,0.33,0.33,0.33,0.33,0.33,0.33,8.197111783237592,8.08895385545325,7.667306352330557,8.475662351934908,7.947572521139741,7.892690878408591,7.79626947905489,8.039737867125353,3629.45,3831.6342307692303,2136.3250000000003,4795.6,2827.7,2731.0380769230765,2430.5249999999996,3100.8,g,100.0,depto,100.0,depto | g | sup_mediana 46 m2 | calef: 3629 kWh | acs: 2828 kWh,0.7802200646488868
109,6,242,2.42,54.5,53.67644628099173,50.575,59.075,4.0,4.0,4.0,4.0,4.0,4.0,4.0,4.0,0.84,0.84,0.84,0.84,0.84,0.84,0.84,0.84,6.229398140206438,6.070226672562131,5.225082728454882,6.911944039442318,7.845041723371178,7.764779900787321,7.737627185367664,7.908460685998653,506.45000000000005,818.3925619834711,184.95,1003.225,2552.05,2413.1909090909094,2292.025,2719.2,a,100.0,depto,100.0,depto | a | sup_mediana 54 m2 | calef: 506 kWh | acs: 2552 kWh,0.6956589642633328
109,3,241,2.41,50.8,50.652697095435684,47.4,53.0,4.0,4.0,4.0,4.0,4.0,4.0,4.0,4.0,0.84,0.84,0.84,0.84,0.84,0.84,0.84,0.84,7.144959513944681,6.858381520370208,6.554787739831727,7.657613551126125,7.900636613018005,7.870811539068416,7.796387002862318,7.9377674761579895,1266.7,1642.7721991701244,701.6,2115.7,2698.0,2694.85601659751,2430.8,2800.1,c,100.0,depto,100.0,depto | c | sup_mediana 51 m2 | calef: 1267 kWh | acs: 2698 kWh,0.8394086993352844
109,9,230,2.3,49.3,51.66086956521739,45.4,54.7,3.0,3.0,3.0,3.0,3.0,3.0,3.0,3.0,0.6,0.5999999999999998,0.6,0.6,0.6,0.5999999999999998,0.6,0.6,7.254828104942872,6.621785979931135,6.496050369817633,7.7931675050693725,7.875613267712699,7.560711666082264,7.730218731012139,7.952896101185828,1413.95,1860.2347826086955,661.525,2423.075,2631.3,2806.446086956521,2275.1,2842.7999999999997,c,100.0,depto,100.0,depto | c | sup_mediana 49 m2 | calef: 1414 kWh | acs: 2631 kWh,0.7724550414144776
110,25,3405,34.050000000000004,47.2,46.20716593245228,34.6,51.6,1.9,1.8999999999999997,1.9,1.9,1.9,1.8999999999999997,1.9,1.9,0.47,0.46999999999999986,0.47,0.47,0.47,0.46999999999999986,0.47,0.47,7.778420832830016,7.575166756323261,7.054190557211683,8.408605250999338,7.800818324736988,7.819202959973236,7.526771410199007,7.894877191616883,2387.5,3151.3671659324523,1156.7,4484.5,2441.6,3562.6979148311307,1856.1,2682.5,d,100.0,depto,100.0,depto | d | sup_mediana 47 m2 | calef: 2388 kWh | acs: 2442 kWh,0.5857848342173104
110,29,672,6.72,51.75,53.20699404761905,45.2,57.8,1.9,1.9,1.9,1.9,1.9,1.9,1.9,1.9,0.47,0.46999999999999986,0.47,0.47,0.47,0.46999999999999986,0.47,0.47,8.79828861947321,8.809180590761091,8.615702781944373,9.041708644397433,7.821262081356959,7.813646906109935,7.711817520113238,7.9287663216266955,6621.9,7311.134523809525,5516.625,8447.2,2492.05,2525.296726190476,2233.6,2775.0,d,100.0,casa_pareada,100.0,casa_pareada | d | sup_mediana 52 m2 | calef: 6622 kWh | acs: 2492 kWh,0.7435456958904294
110,12,387,3.8699999999999997,50.8,49.83720930232558,44.25,57.15,1.7,1.6999999999999997,1.7,1.7,1.7,1.6999999999999997,1.7,1.7,0.38,0.38,0.38,0.38,0.38,0.38,0.38,0.38,7.8238859980549265,7.448849110975785,7.228874521926463,8.40809074661387,7.963355677056955,7.959298585017233,7.854148354672736,8.044080734770414,2498.6,3181.896899224806,1377.6999999999998,4482.25,2872.7,3083.3121447028425,2575.4,3114.3,e,100.0,depto,100.0,depto | e | sup_mediana 51 m2 | calef: 2499 kWh | acs: 2873 kWh,0.816737741918318
110,23,336,3.36,82.9,83.45119047619048,63.1,96.1,1.9,1.9,1.9,1.9,1.9,1.9,1.9,1.9,0.47,0.46999999999999986,0.47,0.47,0.47,0.46999999999999986,0.47,0.47,9.45153099763759,9.481508786814269,9.257461347301842,9.7205451251561,8.17140135168372,8.148977980353488,7.9991750970687425,8.274713903795286,12726.65,14503.005952380952,10481.5,16655.375,3537.3,3515.846726190476,2977.5,3922.4,d,100.0,casa_aislada,100.0,casa_aislada | d | sup_mediana 83 m2 | calef: 12727 kWh | acs: 3537 kWh,0.6896338558653576
110,3,258,2.58,50.9,49.93062015503875,47.375,53.1,4.0,4.0,4.0,4.0,4.0,4.0,4.0,4.0,0.84,0.84,0.84,0.84,0.84,0.84,0.84,0.84,7.158418216834711,6.720733684535454,6.491785151769201,7.7638355605641225,7.907982665728846,7.867571519082816,7.8287549065840265,7.941953471364245,1283.9,1684.303488372093,658.7,2352.9249999999997,2717.9,2682.022868217054,2510.8,2811.85,c,100.0,depto,100.0,depto | c | sup_mediana 51 m2 | calef: 1284 kWh | acs: 2718 kWh,0.8112598785851427
110,27,243,2.4299999999999997,46.1,43.41893004115226,38.6,52.2,1.6,1.6000000000000003,1.6,1.6,1.6,1.6000000000000003,1.6,1.6,0.33,0.33,0.33,0.33,0.33,0.33,0.33,0.33,8.196657294093379,8.039302051073781,7.619929764763478,8.389818294560438,7.934978971562594,7.889842131922043,7.803067492471094,8.039737867125353,3627.8,3615.536625514403,2037.4499999999998,4401.049999999999,2792.3,2719.162551440329,2447.1,3100.8,g,100.0,depto,100.0,depto | g | sup_mediana 46 m2 | calef: 3628 kWh | acs: 2792 kWh,0.7844692261429067
110,10,238,2.3800000000000003,50.45,52.76260504201681,44.949999999999996,55.2,3.0,3.0,3.0,3.0,3.0,3.0,3.0,3.0,0.6,0.5999999999999998,0.6,0.6,0.6,0.5999999999999998,0.6,0.6,7.108229554215541,6.2641729327975835,5.831330980613126,7.614286427883656,7.879421064099022,7.142468303413123,7.7431048201091475,7.953669778649798,1221.0,1551.1302521008404,339.82500000000005,2026.025,2641.35,2551.22731092437,2304.625,2845.0,c,100.0,depto,100.0,depto | c | sup_mediana 50 m2 | calef: 1221 kWh | acs: 2641 kWh,0.7147379402347499
110,26,232,2.32,52.2,51.994396551724144,47.6,55.0,1.7,1.6999999999999995,1.7,1.7,1.7,1.6999999999999995,1.7,1.7,0.38,0.38,0.38,0.38,0.38,0.38,0.38,0.38,7.735083641008102,7.711619561044821,7.261422016682337,8.29572947832493,7.817557817298975,7.824349648775001,7.7788394180182125,7.883031643204163,2286.2,2901.975,1423.3,4005.725,2482.8500000000004,2528.1422413793102,2388.5,2650.9,d,100.0,depto,100.0,depto | d | sup_mediana 52 m2 | calef: 2286 kWh | acs: 2483 kWh,0.7822835502913407
110,6,230,2.3,54.5,53.881304347826074,50.5,57.0,4.0,4.0,4.0,4.0,4.0,4.0,4.0,4.0,0.84,0.8400000000000001,0.84,0.84,0.84,0.8400000000000001,0.84,0.84,6.213802650023283,6.0373402031436125,5.469945875538356,6.951437011614827,7.84290701849721,7.783266871694722,7.775317844764939,7.908460685998653,498.6,743.7691304347827,236.45000000000002,1043.65,2546.6,2445.5604347826093,2380.1,2719.2,a,100.0,depto,100.0,depto | a | sup_mediana 54 m2 | calef: 499 kWh | acs: 2547 kWh,0.7071279020124678
110,20,223,2.23,38.6,39.027802690582966,29.6,45.85,1.9,1.8973094170403586,1.9,1.9,1.9,1.8973094170403586,1.9,1.9,0.47,0.4687892376681613,0.47,0.47,0.47,0.4687892376681613,0.47,0.47,6.238519918468505,6.155165932898548,5.088521785211471,7.015864190848863,0.0,0.0,0.0,0.0,511.1,933.0224215246636,161.14999999999998,1113.2,0.0,0.0,0.0,0.0,d,100.0,depto,100.0,depto | d | sup_mediana 39 m2 | calef: 511 kWh | acs: 0 kWh,0.7963196650520881
111,30,3407,34.07,47.2,45.95682418550044,34.6,51.4,1.9,1.8999999999999997,1.9,1.9,1.9,1.8999999999999997,1.9,1.9,0.47,0.4699999999999998,0.47,0.47,0.47,0.4699999999999998,0.47,0.47,7.774897782589561,7.587541329178522,7.073141727796215,8.410231352529188,7.8003269242357,7.831451121539994,7.536310602226531,7.894877191616883,2379.1,3123.746639272087,1178.85,4491.8,2440.4,3501.4664707610928,1873.9,2682.5,d,100.0,depto,100.0,depto | d | sup_mediana 47 m2 | calef: 2379 kWh | acs: 2440 kWh,0.5961469593203471
111,31,644,6.4399999999999995,51.9,53.256211180124225,45.7,58.6,1.9,1.9,1.9,1.9,1.9,1.9,1.9,1.9,0.47,0.4699999999999998,0.47,0.47,0.47,0.4699999999999998,0.47,0.47,8.811882978079923,8.804321413692305,8.589691362643304,9.046694063669364,7.828715093704554,7.819322238173384,7.741533589281828,7.935480045302498,6712.55,7300.941304347825,5374.975,8489.425,2510.7,2538.7692546583853,2301.0,2793.7,d,100.0,casa_pareada,100.0,casa_pareada | d | sup_mediana 52 m2 | calef: 6713 kWh | acs: 2511 kWh,0.7469900331074566
111,14,449,4.49,51.2,50.20289532293987,45.1,57.8,1.7,1.6999999999999993,1.7,1.7,1.7,1.6999999999999993,1.7,1.7,0.38,0.38,0.38,0.38,0.38,0.38,0.38,0.38,7.807794670270241,7.489184415876486,7.154771594707903,8.44141305274025,7.969841886300797,7.966846580265038,7.880048200971577,8.044080734770414,2458.7,3207.8106904231627,1279.2,4634.1,2891.4,3096.8055679287304,2643.0,3114.3,e,100.0,depto,100.0,depto | e | sup_mediana 51 m2 | calef: 2459 kWh | acs: 2891 kWh,0.8224493274244248
111,28,338,3.38,83.80000000000001,85.95798816568048,63.1,101.1,1.9,1.9000000000000001,1.9,1.9,1.9,1.9000000000000001,1.9,1.9,0.47,0.46999999999999986,0.47,0.47,0.47,0.46999999999999986,0.47,0.47,9.494146168434696,9.490256681204114,9.242691642132737,9.78266564417172,8.189272287704782,8.16579783574028,7.9991750970687425,8.307319278589533,13280.75,14557.716863905327,10327.825,17723.100000000002,3601.1,3581.2523668639055,2977.5,4052.475,d,100.0,casa_aislada,100.0,casa_aislada | d | sup_mediana 84 m2 | calef: 13281 kWh | acs: 3601 kWh,0.7024269300979324
111,17,295,2.9499999999999997,46.2,49.7135593220339,44.5,52.0,1.7,1.6999999999999995,1.7,1.7,1.7,1.6999999999999995,1.7,1.7,0.38,0.3799999999999999,0.38,0.38,0.38,0.3799999999999999,0.38,0.38,9.119594758669438,9.04967450152365,8.823000013726565,9.255571830505108,7.912313265567924,7.955660447574016,7.882654483963062,8.004064918587572,9131.5,9108.219322033898,6787.6,10461.7,2729.7,2868.4966101694913,2649.9,2992.1,f,100.0,casa_pareada,100.0,casa_pareada | f | sup_mediana 46 m2 | calef: 9132 kWh | acs: 2730 kWh,0.7030002413649005
111,4,268,2.68,50.9,50.70932835820896,47.6,53.3,4.0,4.0,4.0,4.0,4.0,4.0,4.0,4.0,0.84,0.84,0.84,0.84,0.84,0.84,0.84,0.84,7.240577637060033,6.890340088465961,6.646031366885356,7.873703623600447,7.905515392653845,7.880772455205712,7.8357077463866345,7.941686814175914,1393.9,1928.97276119403,768.725,2626.375,2711.2,2716.396641791045,2528.325,2811.1,c,100.0,depto,100.0,depto | c | sup_mediana 51 m2 | calef: 1394 kWh | acs: 2711 kWh,0.8213340873746517
111,29,254,2.54,51.4,51.70433070866142,47.6,54.0,1.7,1.6999999999999997,1.7,1.7,1.7,1.6999999999999997,1.7,1.7,0.38,0.37999999999999995,0.38,0.38,0.38,0.37999999999999995,0.38,0.38,7.837708387297507,7.81372222261044,7.362946258673173,8.39607088721962,7.81375322137086,7.815457033647403,7.786468746500926,7.879669914604289,2533.4,3178.587795275591,1575.475,4428.65,2473.4,2514.605118110236,2406.8,2642.0,d,100.0,depto,100.0,depto | d | sup_mediana 51 m2 | calef: 2533 kWh | acs: 2473 kWh,0.787114439370676
111,19,245,2.45,46.1,43.467755102040826,38.2,52.2,1.6,1.6,1.6,1.6,1.6,1.6,1.6,1.6,0.33,0.32999999999999996,0.33,0.33,0.33,0.32999999999999996,0.33,0.33,8.130589090948991,8.05185896467714,7.612979240767531,8.443869526997394,7.914106069223941,7.88596094742343,7.799302396965376,8.011786193677105,3395.8,3728.945714285714,2023.3,4645.5,2734.6,2703.8551020408163,2437.9,3015.3,g,100.0,depto,100.0,depto | g | sup_mediana 46 m2 | calef: 3396 kWh | acs: 2735 kWh,0.7796462657855897
111,16,236,2.36,50.0,50.84110169491525,49.175000000000004,53.824999999999996,3.0,3.0,3.0,3.0,3.0,3.0,3.0,3.0,0.6,0.5999999999999999,0.6,0.6,0.6,0.5999999999999999,0.6,0.6,8.437875502347671,8.338985908000117,8.044199285875791,8.707300930739752,7.824384509049404,7.831965379254592,7.81216555147326,7.881625972413384,4618.1,4721.723305084746,3114.675,6045.9,2499.85,2527.041101694915,2469.4750000000004,2647.175,d,100.0,depto,100.0,depto | d | sup_mediana 50 m2 | calef: 4618 kWh | acs: 2500 kWh,0.9329856653218938
111,7,221,2.21,55.4,54.433936651583714,50.5,59.5,4.0,4.0,4.0,4.0,4.0,4.0,4.0,4.0,0.84,0.8400000000000001,0.84,0.84,0.84,0.8400000000000001,0.84,0.84,6.164997597868857,5.974907258422962,5.080783053998338,6.926380743105302,7.855118230410703,7.810769215721898,7.775317844764939,7.914617709040679,474.8,706.40407239819,159.9,1017.8,2577.9,2502.2402714932127,2380.1,2736.0,a,100.0,depto,100.0,depto | a | sup_mediana 55 m2 | calef: 475 kWh | acs: 2578 kWh,0.7103140784090476
112,29,3380,33.800000000000004,47.2,45.988076923076925,34.175000000000004,51.5,1.9,1.8999999999999997,1.9,1.9,1.9,1.8999999999999997,1.9,1.9,0.47,0.46999999999999986,0.47,0.47,0.47,0.46999999999999986,0.47,0.47,7.767581473651255,7.570612326385558,7.047103574943415,8.400906523512617,7.800818324736988,7.8389319624975755,7.53277072729952,7.902006552325504,2361.75,3068.396893491124,1148.525,4450.1,2441.6,3775.2108940201306,1867.275,2701.7,d,100.0,depto,100.0,depto | d | sup_mediana 47 m2 | calef: 2362 kWh | acs: 2442 kWh,0.588447915525057
112,20,666,6.660000000000001,51.0,52.453453453453456,44.625,57.8,1.9,1.9000000000000001,1.9,1.9,1.9,1.9000000000000001,1.9,1.9,0.47,0.46999999999999986,0.47,0.47,0.47,0.46999999999999986,0.47,0.47,8.821024156784501,8.81437822791065,8.631628349416488,9.03168147761692,7.817222785508166,7.8074297920858005,7.694529405320707,7.916148882320581,6774.200000000001,7309.730480480481,5605.200000000001,8362.925,2482.0,2504.374024024024,2195.3,2740.2,d,100.0,casa_pareada,100.0,casa_pareada | d | sup_mediana 51 m2 | calef: 6774 kWh | acs: 2482 kWh,0.7482724512101304
112,11,399,3.9899999999999998,50.5,48.70751879699248,42.650000000000006,57.65,1.7,1.6999999999999993,1.7,1.7,1.7,1.6999999999999993,1.7,1.7,0.38,0.38,0.38,0.38,0.38,0.38,0.38,0.38,7.7420113205019625,7.4567058884746045,7.156837310706924,8.36436829901098,7.963355677056955,7.953653535307679,7.843727633892245,8.044080734770414,2302.1,3049.594486215539,1281.85,4290.4,2872.7,3049.3644110275686,2548.7,3114.3,e,100.0,depto,100.0,depto | e | sup_mediana 50 m2 | calef: 2302 kWh | acs: 2873 kWh,0.819374212657822
112,22,355,3.55,83.7,85.70647887323943,63.1,100.19999999999999,1.9,1.9,1.9,1.9,1.9,1.9,1.9,1.9,0.47,0.4699999999999998,0.47,0.47,0.47,0.4699999999999998,0.47,0.47,9.487396185186663,9.500586105932951,9.277690663703414,9.843612805147817,8.189272287704782,8.167754957585366,7.9991750970687425,8.290462412934762,13191.4,14883.699718309861,10695.8,18836.65,3601.1,3575.738028169014,2977.5,3984.7,d,100.0,casa_aislada,100.0,casa_aislada | d | sup_mediana 84 m2 | calef: 13191 kWh | acs: 3601 kWh,0.6907635206797673
112,14,261,2.6100000000000003,46.2,48.68199233716475,44.5,51.6,1.7,1.6999999999999997,1.7,1.7,1.7,1.6999999999999997,1.7,1.7,0.38,0.3799999999999999,0.38,0.38,0.38,0.3799999999999999,0.38,0.38,9.153367823215191,9.063391011844873,8.82679329916895,9.27697980964229,7.912313265567924,7.944580216748423,7.882654483963062,7.999443652577423,9445.2,9214.530268199234,6813.4,10688.1,2729.7,2830.8674329501923,2649.9,2978.3,f,100.0,casa_pareada,100.0,casa_pareada | f | sup_mediana 46 m2 | calef: 9445 kWh | acs: 2730 kWh,0.7288574965221329
112,3,259,2.59,50.8,50.13976833976834,47.3,53.0,4.0,4.0,4.0,4.0,4.0,4.0,4.0,4.0,0.84,0.84,0.84,0.84,0.84,0.84,0.84,0.84,7.1284157500025405,6.840429925557201,6.493753107453302,7.71637151487003,7.905515392653845,7.874092842691532,7.835618787208908,7.9377674761579895,1245.9,1637.207722007722,660.0,2243.8,2711.2,2686.079150579151,2528.1,2800.1,c,100.0,depto,100.0,depto | c | sup_mediana 51 m2 | calef: 1246 kWh | acs: 2711 kWh,0.8368710963720429
112,24,234,2.34,48.3,48.11452991452991,45.775,51.85,1.6,1.6,1.6,1.6,1.6,1.6,1.6,1.6,0.33,0.33,0.33,0.33,0.33,0.33,0.33,0.33,7.952350802938959,7.977606027324944,7.618717775092709,8.356067016656864,7.943392268488734,7.926210261425034,7.895473250197285,8.000131425729887,2841.25,3370.460256410256,2034.9499999999998,4254.925,2815.9,2801.4162393162396,2684.1,2980.35,f,100.0,depto,100.0,depto | f | sup_mediana 48 m2 | calef: 2841 kWh | acs: 2816 kWh,0.6573077021838353
112,26,234,2.34,48.25,45.641880341880345,39.025,52.2,1.6,1.6,1.6,1.6,1.6,1.6,1.6,1.6,0.33,0.33,0.33,0.33,0.33,0.33,0.33,0.33,8.194653913097197,8.055707054171053,7.639257413418546,8.425282267042864,7.955775781534187,7.916755836341244,7.810844927531755,8.039737867125353,3620.55,3689.3162393162393,2077.2,4560.025,2851.0,2788.454700854701,2466.225,3100.8,g,100.0,depto,100.0,depto | g | sup_mediana 48 m2 | calef: 3621 kWh | acs: 2851 kWh,0.7872470138324644
112,28,230,2.3,52.0,51.7791304347826,47.6,54.1,1.7,1.6999999999999993,1.7,1.7,1.7,1.6999999999999993,1.7,1.7,0.38,0.38,0.38,0.38,0.38,0.38,0.38,0.38,7.928205249570811,7.723936585359853,7.256005106879874,8.350765144974892,7.81375322137086,7.807907272895523,7.7788394180182125,7.879669914604289,2773.5,3054.3165217391306,1416.4250000000002,4232.525,2473.4,2486.2191304347825,2388.5,2642.0,d,100.0,depto,100.0,depto | d | sup_mediana 52 m2 | calef: 2774 kWh | acs: 2473 kWh,0.7702962387824784
112,5,229,2.29,54.5,53.58427947598253,50.5,55.6,4.0,4.0,4.0,4.0,4.0,4.0,4.0,4.0,0.84,0.8400000000000001,0.84,0.84,0.84,0.8400000000000001,0.84,0.84,6.166467723094256,6.011219618146544,5.196284640982885,6.883257647381737,7.84290701849721,7.7680179643399185,7.737659892896942,7.8766005095911815,475.5,691.6218340611354,179.6,974.8,2546.6,2415.288209606987,2292.1,2633.9,a,100.0,depto,100.0,depto | a | sup_mediana 54 m2 | calef: 476 kWh | acs: 2547 kWh,0.7211295480606567
113,23,3428,34.28,46.7,45.532176196032665,33.4,51.3,1.9,1.8999999999999997,1.9,1.9,1.9,1.8999999999999997,1.9,1.9,0.47,0.4699999999999998,0.47,0.47,0.47,0.4699999999999998,0.47,0.47,7.738335605180486,7.522783348482826,7.020503363827846,8.381270129153922,7.800818324736988,7.841322144134736,7.528170463375983,7.902006552325504,2293.6499999999996,2988.8794049008175,1118.35,4363.55,2441.6,4012.5792238109134,1858.7,2701.7,d,100.0,depto,100.0,depto | d | sup_mediana 47 m2 | calef: 2294 kWh | acs: 2442 kWh,0.5846395749589286
113,20,715,7.1499999999999995,51.0,52.53776223776224,45.0,57.8,1.9,1.9,1.9,1.9,1.9,1.9,1.9,1.9,0.47,0.46999999999999975,0.47,0.47,0.47,0.46999999999999975,0.47,0.47,8.822322177471738,8.820339788625807,8.615408230860936,9.08996209658067,7.817222785508166,7.812930845020073,7.698799654151475,7.898188268136558,6783.0,7356.224475524476,5515.0,8864.849999999999,2482.0,2516.6934265734267,2204.7,2691.4,d,100.0,casa_pareada,100.0,casa_pareada | d | sup_mediana 51 m2 | calef: 6783 kWh | acs: 2482 kWh,0.7651513692027025
113,13,382,3.82,49.349999999999994,47.52984293193717,41.9,57.0,1.7,1.6999999999999997,1.7,1.7,1.7,1.6999999999999997,1.7,1.7,0.38,0.38,0.38,0.38,0.38,0.38,0.38,0.38,7.642859302422617,7.295305401078789,7.073248012429815,8.335596404198682,7.954653129499197,7.919950423418115,7.820118307518312,8.044080734770414,2084.7,3051.0918848167535,1179.0,4168.724999999999,2847.8,3013.684554973822,2489.2,3114.3,e,100.0,depto,100.0,depto | e | sup_mediana 49 m2 | calef: 2085 kWh | acs: 2848 kWh,0.8019044142984936
113,27,349,3.49,81.1,85.34928366762178,63.1,102.0,1.9,1.8999999999999997,1.9,1.9,1.9,1.8999999999999997,1.9,1.9,0.47,0.46999999999999986,0.47,0.47,0.47,0.46999999999999986,0.47,0.47,9.463143691308508,9.496260079172204,9.31258102592273,9.792181620084511,8.15225563448414,8.161666355449045,7.9991750970687425,8.283620444611488,12875.3,14653.226647564472,11075.5,17892.3,3470.2,3556.3656160458454,2977.5,3957.5,d,100.0,casa_aislada,100.0,casa_aislada | d | sup_mediana 81 m2 | calef: 12875 kWh | acs: 3470 kWh,0.7041080099170259
113,25,259,2.59,44.4,43.2034749034749,38.6,52.2,1.6,1.5999999999999999,1.6,1.6,1.6,1.5999999999999999,1.6,1.6,0.33,0.33,0.33,0.33,0.33,0.33,0.33,0.33,8.15671100913455,8.071972530775911,7.661925958891114,8.43403237020672,7.912313265567924,7.876250443059819,7.799732733679168,8.039737867125353,3485.7,3661.2756756756753,2124.9,4600.15,2729.7,2677.584942084942,2438.95,3100.8,g,100.0,depto,100.0,depto | g | sup_mediana 44 m2 | calef: 3486 kWh | acs: 2730 kWh,0.8044589444530059
113,2,250,2.5,50.9,50.690799999999996,47.324999999999996,53.0,4.0,4.0,4.0,4.0,4.0,4.0,4.0,4.0,0.84,0.84,0.84,0.84,0.84,0.84,0.84,0.84,7.135357407367126,6.87473594317959,6.59981365145127,7.665315294524327,7.907393845876451,7.893788448188584,7.836950156453308,7.941686814175914,1254.6,1611.8632,733.975,2132.0750000000003,2716.3,2767.1844,2531.475,2811.1,c,100.0,depto,100.0,depto | c | sup_mediana 51 m2 | calef: 1255 kWh | acs: 2716 kWh,0.8448936249284734
113,16,248,2.48,46.2,49.917338709677416,44.8,52.0,1.7,1.6999999999999997,1.7,1.7,1.7,1.6999999999999997,1.7,1.7,0.38,0.37999999999999995,0.38,0.38,0.38,0.37999999999999995,0.38,0.38,9.166827259644437,9.064291642697842,8.839602519551995,9.307775011387696,7.912313265567924,7.954082729282585,7.882654483963062,8.004064918587572,9573.2,9343.997177419355,6901.25,11022.400000000001,2729.7,2866.6612903225805,2649.9,2992.1,f,100.0,casa_pareada,100.0,casa_pareada | f | sup_mediana 46 m2 | calef: 9573 kWh | acs: 2730 kWh,0.6899966644949721
113,15,243,2.4299999999999997,38.1,39.20987654320987,29.95,45.95,1.9,1.8975308641975306,1.9,1.9,1.9,1.8975308641975306,1.9,1.9,0.47,0.4688888888888887,0.47,0.47,0.47,0.4688888888888887,0.47,0.47,6.118097198041348,6.134931841879023,5.088830141681313,7.006560262084916,0.0,0.0,0.0,0.0,453.0,934.222633744856,161.2,1102.9,0.0,0.0,0.0,0.0,d,100.0,depto,100.0,depto | d | sup_mediana 38 m2 | calef: 453 kWh | acs: 0 kWh,0.7933565805736402
113,4,235,2.35,54.5,53.79702127659574,50.8,56.9,4.0,4.0,4.0,4.0,4.0,4.0,4.0,4.0,0.84,0.84,0.84,0.84,0.84,0.84,0.84,0.84,6.04784488054409,5.787679327651094,5.021904886354487,6.824202917827703,7.84290701849721,7.789460237948625,7.775317844764939,7.908460685998653,422.2,642.2412765957447,150.7,919.0,2546.6,2449.3212765957446,2380.1,2719.2,a,100.0,depto,100.0,depto | a | sup_mediana 54 m2 | calef: 422 kWh | acs: 2547 kWh,0.6684257719731485
113,22,234,2.34,43.9,50.616666666666674,41.8,54.4,1.6,1.6,1.6,1.6,1.6,1.6,1.6,1.6,0.33,0.33,0.33,0.33,0.33,0.33,0.33,0.33,9.183428015903853,9.201144823490566,8.86613027518253,9.554199543602802,7.871273049218974,7.954409998200678,7.833283216208774,8.038770218757747,9733.5,10641.12094017094,7086.8,14102.8,2619.9,2889.7538461538456,2522.2,3097.8,f,100.0,casa_aislada,100.0,casa_aislada | f | sup_mediana 44 m2 | calef: 9734 kWh | acs: 2620 kWh,0.6942516704390069
114,26,3420,34.2,47.2,46.10409356725146,33.775,51.3,1.9,1.8999999999999997,1.9,1.9,1.9,1.8999999999999997,1.9,1.9,0.47,0.46999999999999975,0.47,0.47,0.47,0.46999999999999975,0.47,0.47,7.734208792381672,7.50705796262662,6.956331133624087,8.37887271478575,7.800818324736988,7.84743402907944,7.541736148872866,7.915950337099521,2284.2,3019.0376900584793,1048.775,4353.1,2441.6,3700.7498244587473,1884.1,2739.6499999999996,d,100.0,depto,100.0,depto | d | sup_mediana 47 m2 | calef: 2284 kWh | acs: 2442 kWh,0.5775812487271866
114,24,713,7.13,52.4,53.18849929873773,45.2,58.4,1.9,1.8999999999999997,1.9,1.9,1.9,1.8999999999999997,1.9,1.9,0.47,0.46999999999999986,0.47,0.47,0.47,0.46999999999999986,0.47,0.47,8.79828861947321,8.798778837383711,8.582044163735853,9.021960500598263,7.8308627241832145,7.820698152993166,7.732237692372104,7.930961317200417,6621.9,7220.133800841515,5334.0,8282.0,2516.1,2537.516549789621,2279.7,2781.1,d,100.0,casa_pareada,100.0,casa_pareada | d | sup_mediana 52 m2 | calef: 6622 kWh | acs: 2516 kWh,0.7607336167198537
114,13,426,4.26,49.1,47.58028169014084,41.475,55.9,1.7,1.6999999999999995,1.7,1.7,1.7,1.6999999999999995,1.7,1.7,0.38,0.38,0.38,0.38,0.38,0.38,0.38,0.38,7.5800867451447616,7.370807146400833,6.995216554752131,8.253071122730502,7.949020900797694,7.9153345422850565,7.828953947208875,8.044080734770414,1957.8000000000002,2875.9882629107983,1090.4,3838.4,2831.8,2939.7575117370893,2511.3,3114.3,e,100.0,depto,100.0,depto | e | sup_mediana 49 m2 | calef: 1958 kWh | acs: 2832 kWh,0.8215218712360371
114,18,326,3.26,83.2,86.31226993865032,63.6,102.0,1.9,1.9000000000000004,1.9,1.9,1.9,1.9000000000000004,1.9,1.9,0.47,0.4699999999999998,0.47,0.47,0.47,0.4699999999999998,0.47,0.47,9.492427489410353,9.510345195310299,9.286811416567865,9.77444890466921,8.172192692323142,8.167604802289217,8.00060627889536,8.305947806681317,13257.95,14847.373006134969,10793.725,17577.8,3540.1,3582.2288343558284,2981.775,4046.975,d,100.0,casa_aislada,100.0,casa_aislada | d | sup_mediana 83 m2 | calef: 13258 kWh | acs: 3540 kWh,0.6990651727195601
114,19,291,2.91,46.2,48.551890034364256,44.65,50.8,1.7,1.6999999999999997,1.7,1.7,1.7,1.6999999999999997,1.7,1.7,0.38,0.37999999999999995,0.38,0.38,0.38,0.37999999999999995,0.38,0.38,9.148071273749304,9.06336717464531,8.848330576822098,9.284571889158642,7.912313265567924,7.9393551060726715,7.882654483963062,7.986674934304511,9395.3,9247.856013745704,6961.799999999999,10769.75,2729.7,2816.3316151202753,2649.9,2940.5,f,100.0,casa_pareada,100.0,casa_pareada | f | sup_mediana 46 m2 | calef: 9395 kWh | acs: 2730 kWh,0.7298315621849758
114,3,261,2.6100000000000003,50.9,51.04406130268199,47.1,53.0,4.0,4.0,4.0,4.0,4.0,4.0,4.0,4.0,0.84,0.8400000000000001,0.84,0.84,0.84,0.8400000000000001,0.84,0.84,7.108407792460815,6.754294679233919,6.46412090475647,7.7903237534512595,7.906805026024057,7.880835938142476,7.84971375760487,7.9378031757813625,1221.2,1788.2616858237545,640.7,2416.1,2714.7,2707.1823754789275,2564.0,2800.2,c,100.0,depto,100.0,depto | c | sup_mediana 51 m2 | calef: 1221 kWh | acs: 2715 kWh,0.8171451134296375
114,28,238,2.3800000000000003,44.8,43.073949579831925,38.0,51.7,1.6,1.6,1.6,1.6,1.6,1.6,1.6,1.6,0.33,0.32999999999999996,0.33,0.33,0.33,0.32999999999999996,0.33,0.33,8.181085385840765,8.054573964329832,7.614172678743985,8.443869526997394,7.914380190363914,7.876728285070431,7.7888427566540255,8.032202321594433,3571.75,3685.9890756302525,2025.725,4645.5,2735.35,2691.3865546218494,2412.5249999999996,3077.775,g,100.0,depto,100.0,depto | g | sup_mediana 45 m2 | calef: 3572 kWh | acs: 2735 kWh,0.7798351009631881
114,6,237,2.37,52.8,53.186919831223626,49.9,55.6,4.0,4.0,4.0,4.0,4.0,4.0,4.0,4.0,0.84,0.8400000000000001,0.84,0.84,0.84,0.8400000000000001,0.84,0.84,6.217005223021913,6.06813988988986,5.1823451902956155,6.887654607275135,7.822124165293594,7.772889177057919,7.737616282857904,7.877927951805335,500.2,800.6392405063291,177.1,979.1,2494.2,2422.845569620253,2292.0,2637.4,a,100.0,depto,100.0,depto | a | sup_mediana 53 m2 | calef: 500 kWh | acs: 2494 kWh,0.7213218804545465
114,27,232,2.32,53.3,52.20387931034483,47.6,55.7,1.7,1.6999999999999995,1.7,1.7,1.7,1.6999999999999995,1.7,1.7,0.38,0.38,0.38,0.38,0.38,0.38,0.38,0.38,7.859404551587415,7.7676671984875405,7.322425684424259,8.323630927119485,7.816232515318225,7.82640365446078,7.7788394180182125,7.883031643204163,2589.05,2995.6793103448276,1512.875,4119.1,2479.55,2535.9025862068966,2388.5,2650.9,d,100.0,depto,100.0,depto | d | sup_mediana 53 m2 | calef: 2589 kWh | acs: 2480 kWh,0.7921206979112516
114,16,221,2.21,50.1,51.27737556561085,49.2,54.4,3.0,3.0,3.0,3.0,3.0,3.0,3.0,3.0,0.6,0.5999999999999998,0.6,0.6,0.6,0.5999999999999998,0.6,0.6,8.468065970449544,8.329948677894203,7.990204309807828,8.812411792754675,7.826083932881858,7.839266753793707,7.81249960695592,7.890058445249863,4759.3,4841.937556561087,2950.9,6716.1,2504.1,2544.183257918552,2470.3,2669.6,d,100.0,depto,100.0,depto | d | sup_mediana 50 m2 | calef: 4759 kWh | acs: 2504 kWh,0.9280366393037263
115,22,3337,33.37,47.2,45.89238837278993,34.5,51.1,1.9,1.8999999999999997,1.9,1.9,1.9,1.8999999999999997,1.9,1.9,0.47,0.4699999999999998,0.47,0.47,0.47,0.4699999999999998,0.47,0.47,7.756452160283048,7.544336831006062,7.02188721302705,8.38446147896228,7.8003269242357,7.8374515767396,7.533024907923423,7.898856593264467,2335.6,3070.3976625711716,1119.9,4377.5,2440.4,3907.5236281859075,1867.75,2693.2,d,100.0,depto,100.0,depto | d | sup_mediana 47 m2 | calef: 2336 kWh | acs: 2440 kWh,0.5851536873203752
115,24,694,6.94,52.75,53.30691642651297,45.2,57.8,1.9,1.9,1.9,1.9,1.9,1.9,1.9,1.9,0.47,0.46999999999999986,0.47,0.47,0.47,0.46999999999999986,0.47,0.47,8.80515022606245,8.797824825745133,8.572248621843745,9.030141919030658,7.835144197522325,7.816105723395943,7.7136567062399575,7.935480045302498,6667.5,7209.438616714698,5282.0,8350.05,2526.9,2535.1634005763685,2237.725,2793.7,d,100.0,casa_pareada,100.0,casa_pareada | d | sup_mediana 53 m2 | calef: 6668 kWh | acs: 2527 kWh,0.7443524703186071
115,10,415,4.15,50.3,49.58313253012048,44.25,57.5,1.7,1.6999999999999995,1.7,1.7,1.7,1.6999999999999995,1.7,1.7,0.38,0.38000000000000006,0.38,0.38,0.38,0.38000000000000006,0.38,0.38,7.682666761344722,7.456483558231852,7.098516824857111,8.35684841062839,7.954723334497908,7.951100622549212,7.854148354672736,8.044080734770414,2169.4,2962.1019277108435,1209.1999999999998,4258.299999999999,2848.0,3003.882168674699,2575.4,3114.3,e,100.0,depto,100.0,depto | e | sup_mediana 50 m2 | calef: 2169 kWh | acs: 2848 kWh,0.8282790066602908
115,25,360,3.5999999999999996,83.2,85.80888888888889,63.475,102.0,1.9,1.9,1.9,1.9,1.9,1.9,1.9,1.9,0.47,0.4699999999999998,0.47,0.47,0.47,0.4699999999999998,0.47,0.47,9.501291695238223,9.506738126414383,9.24573885955208,9.808721875771742,8.18085294608379,8.16489729102764,7.9991750970687425,8.288756307008272,13376.25,15018.404722222223,10359.325,18190.725,3570.9,3570.6336111111113,2977.5,3977.9,d,100.0,casa_aislada,100.0,casa_aislada | d | sup_mediana 83 m2 | calef: 13376 kWh | acs: 3571 kWh,0.6822016723543324
115,23,251,2.5100000000000002,53.7,52.79003984063745,47.7,55.9,1.7,1.6999999999999997,1.7,1.7,1.7,1.6999999999999997,1.7,1.7,0.38,0.37999999999999995,0.38,0.38,0.38,0.37999999999999995,0.38,0.38,7.925302114929026,7.833790479414737,7.412790586030866,8.321178164228025,7.874815167907864,7.836074460412104,7.786468746500926,7.898299686680433,2765.4,3189.49203187251,1656.05,4109.0,2629.2,2580.7446215139444,2406.8,2691.7,d,100.0,depto,100.0,depto | d | sup_mediana 54 m2 | calef: 2765 kWh | acs: 2629 kWh,0.7906937570528408
115,9,245,2.45,49.3,50.23673469387755,43.1,54.7,3.0,3.0,3.0,3.0,3.0,3.0,3.0,3.0,0.6,0.5999999999999998,0.6,0.6,0.6,0.5999999999999998,0.6,0.6,7.2643802216708275,6.543390085043601,6.288416025566912,7.872683782462186,7.869860322995583,7.164195704573233,7.719307523920704,7.951418476165231,1427.5,1834.6779591836735,537.3,2623.6,2616.2,2704.915510204082,2250.4,2838.6,c,100.0,depto,100.0,depto | c | sup_mediana 49 m2 | calef: 1428 kWh | acs: 2616 kWh,0.72543673864801
115,18,242,2.42,35.8,37.147520661157024,28.9,44.2,1.9,1.8983471074380163,1.9,1.9,1.9,1.8983471074380163,1.9,1.9,0.47,0.4692561983471072,0.47,0.47,0.47,0.4692561983471072,0.47,0.47,6.253239596193845,6.141530255908252,5.094202309923326,7.034013199871353,0.0,0.0,0.0,0.0,518.75,873.2458677685951,162.075,1133.575,0.0,0.0,0.0,0.0,d,100.0,depto,100.0,depto | d | sup_mediana 36 m2 | calef: 519 kWh | acs: 0 kWh,0.8022525255412809
115,2,239,2.39,51.0,50.366945606694564,47.6,53.0,4.0,4.0,4.0,4.0,4.0,4.0,4.0,4.0,0.84,0.8400000000000001,0.84,0.84,0.84,0.8400000000000001,0.84,0.84,7.144959513944681,6.621756394999515,6.338417368535325,7.8234115092342265,7.907982665728846,7.873402338583326,7.845622994734219,7.9377674761579895,1266.7,1737.1669456066948,564.9,2497.5,2717.9,2701.1225941422595,2553.55,2800.1,c,100.0,depto,100.0,depto | c | sup_mediana 51 m2 | calef: 1267 kWh | acs: 2718 kWh,0.7947649985851208
115,20,229,2.29,44.8,43.21965065502183,38.0,50.2,1.6,1.5999999999999999,1.6,1.6,1.6,1.5999999999999999,1.6,1.6,0.33,0.32999999999999996,0.33,0.33,0.33,0.32999999999999996,0.33,0.33,8.090003810833913,8.038444381053578,7.601951908677654,8.442555848401252,7.9180462421434825,7.881189713893721,7.799097365492327,8.039737867125353,3260.7,3707.6790393013093,2001.1,4639.4,2745.4,2692.2506550218345,2437.4,3100.8,g,100.0,depto,100.0,depto | g | sup_mediana 45 m2 | calef: 3261 kWh | acs: 2745 kWh,0.7800021796100222
115,5,220,2.1999999999999997,54.95,53.89363636363637,50.5,58.224999999999994,4.0,4.0,4.0,4.0,4.0,4.0,4.0,4.0,0.84,0.8400000000000001,0.84,0.84,0.84,0.8400000000000001,0.84,0.84,6.30463160106978,6.086067968985705,5.289150454848042,6.934246795984989,7.852454978842705,7.7916318741674795,7.7476964468861835,7.914617709040679,546.1,876.769090909091,197.17499999999998,1025.85,2571.05,2461.2372727272727,2315.25,2736.0,a,100.0,depto,100.0,depto | a | sup_mediana 55 m2 | calef: 546 kWh | acs: 2571 kWh,0.6888771925780506
