cluster_hdbscan,n,pct_total,superficie_util_mediana,superficie_util_media,superficie_util_p25,superficie_util_p75,u_norm_muro_principal_mediana,u_norm_muro_principal_media,u_norm_muro_principal_p25,u_norm_muro_principal_p75,u_norm_muro_secundario_mediana,u_norm_muro_secundario_media,u_norm_muro_secundario_p25,u_norm_muro_secundario_p75,u_norm_techo_principal_mediana,u_norm_techo_principal_media,u_norm_techo_principal_p25,u_norm_techo_principal_p75,u_norm_techo_secundario_mediana,u_norm_techo_secundario_media,u_norm_techo_secundario_p25,u_norm_techo_secundario_p75,log_calef_proyec_kwh_mediana,log_calef_proyec_kwh_media,log_calef_proyec_kwh_p25,log_calef_proyec_kwh_p75,log_acs_proyec_kwh_mediana,log_acs_proyec_kwh_media,log_acs_proyec_kwh_p25,log_acs_proyec_kwh_p75,calef_proyec_kwh_mediana,calef_proyec_kwh_media,calef_proyec_kwh_p25,calef_proyec_kwh_p75,acs_proyec_kwh_mediana,acs_proyec_kwh_media,acs_proyec_kwh_p25,acs_proyec_kwh_p75,zona_termica_moda,zona_termica_pct_moda,tipo_inmueble_moda,tipo_inmueble_pct_moda,etiqueta_arquetipo_preliminar
-1,602,6.02,56.9,63.32259136212624,49.0,72.2,1.7,2.498974358974359,1.7,4.0,1.7,2.498974358974359,1.7,4.0,0.38,0.42290598290598286,0.28,0.6,0.38,0.42290598290598286,0.28,0.6,8.783034307601167,7.736824378944607,7.276773057486167,9.391000998371462,7.9919305198524775,7.315324825020935,7.764220980066558,8.177094386739325,6521.65,7213.472591362126,1445.5,11979.1,2956.0,3546.0433554817278,2353.825,3557.5,d,45.68106312292359,casa_pareada,52.159468438538205,ruido / observacion atipica
0,97,0.97,56.5,56.355670103092784,52.3,58.6,0.6,0.5999999999999999,0.6,0.6,0.6,0.5999999999999999,0.6,0.6,0.25,0.25,0.25,0.25,0.25,0.25,0.25,0.25,9.727656884272536,8.626343923841151,8.789050713521046,10.410172616001205,8.227108234348146,8.196435534828144,8.167777549159096,8.253383883376012,16774.2,19300.219587628868,6561.0,33194.6,3740.0,3642.6525773195867,3524.5,3839.6,i,100.0,casa_pareada,49.48453608247423,casa_pareada | i | sup_mediana 56 m2 | calef: 16774 kWh | acs: 3740 kWh
1,148,1.48,50.2,48.86621621621621,46.075,51.6,4.0,4.0,4.0,4.0,4.0,4.0,4.0,4.0,0.84,0.8400000000000001,0.84,0.84,0.84,0.8400000000000001,0.84,0.84,7.485092459484406,6.981832306090966,6.91045164052988,7.87558768803907,8.038065720929644,8.008735531414377,7.961326245804711,8.059307838360741,1780.3,2291.6425675675673,1001.7,2631.3,3095.65,3015.964864864865,2866.875,3162.1,b,100.0,depto,75.0,depto | b | sup_mediana 50 m2 | calef: 1780 kWh | acs: 3096 kWh
2,236,2.36,51.0,50.89745762711864,47.9,53.3,4.0,4.0,4.0,4.0,4.0,4.0,4.0,4.0,0.84,0.8400000000000001,0.84,0.84,0.84,0.8400000000000001,0.84,0.84,7.205207085270279,6.732685284840569,6.596567339572351,7.680892839493133,7.907982665728846,7.892388707070324,7.844797391061453,7.941686814175914,1345.45,1620.2847457627122,731.6,2165.725,2717.9,2742.5262711864407,2551.4249999999997,2811.1,c,100.0,depto,100.0,depto | c | sup_mediana 51 m2 | calef: 1345 kWh | acs: 2718 kWh
3,71,0.7100000000000001,53.1,51.45352112676057,47.4,53.1,4.0,4.0,4.0,4.0,4.0,4.0,4.0,4.0,0.84,0.8400000000000003,0.84,0.84,0.84,0.8400000000000003,0.84,0.84,8.306175819899869,8.322167320369156,7.964538173927206,8.596604930797742,7.939693434382254,7.905313479525122,7.851077349907323,7.939693434382254,4047.8,4528.164788732393,2877.55,5412.25,2805.5,2726.7549295774647,2567.5,2805.5,c,100.0,casa_pareada,100.0,casa_pareada | c | sup_mediana 53 m2 | calef: 4048 kWh | acs: 2806 kWh
4,258,2.58,55.0,54.09961240310078,51.05,56.875,4.0,4.0,4.0,4.0,4.0,4.0,4.0,4.0,0.84,0.84,0.84,0.84,0.84,0.84,0.84,0.84,6.16046258460276,6.003063037502812,5.466996661620245,6.947701599817944,7.849791727274708,7.793416011182902,7.785138848540809,7.908460685998653,472.65,784.8523255813953,235.75,1039.775,2564.2,2463.586434108527,2403.6,2719.2,a,100.0,depto,100.0,depto | a | sup_mediana 55 m2 | calef: 473 kWh | acs: 2564 kWh
5,169,1.69,53.5,52.405325443786985,46.7,59.5,4.0,4.0,4.0,4.0,4.0,4.0,4.0,4.0,0.84,0.8400000000000001,0.84,0.84,0.84,0.8400000000000001,0.84,0.84,0.0,0.00782261817218787,0.0,0.0,7.829948556508906,7.833678647428484,7.728987799305301,7.914617709040679,0.0,0.013609467455621303,0.0,0.0,2513.8,2568.2615384615383,2272.3,2736.0,a,100.0,depto,100.0,depto | a | sup_mediana 54 m2 | calef: 0 kWh | acs: 2514 kWh
6,123,1.23,43.6,55.05853658536585,30.85,57.7,1.0,1.0,1.0,1.0,1.0,1.0,1.0,1.0,0.0,0.0,0.0,0.0,0.0,0.0,0.0,0.0,7.277800441859041,7.194393549185419,6.67041671646499,8.037714219201613,7.75394363601637,7.617305403272061,7.405208971749643,8.163836578842766,1446.8,2234.1609756097564,788.2,3094.7,2330.05,2799.4649999999997,1643.5500000000002,3511.625,d,100.0,depto,100.0,depto | d | sup_mediana 44 m2 | calef: 1447 kWh | acs: 2330 kWh
7,93,0.9299999999999999,70.0,69.19139784946236,51.6,87.4,1.0,1.0,1.0,1.0,1.0,1.0,1.0,1.0,0.0,0.0,0.0,0.0,0.0,0.0,0.0,0.0,9.313708904953216,9.098413849568901,8.723003384279096,9.504292744941322,8.039963517078762,7.954455857451106,7.783682244666731,8.220725975683184,11088.0,10364.653763440858,6141.6,13416.2,3101.5,3003.6838709677418,2400.1,3716.2,d,100.0,casa_aislada,56.98924731182796,casa_aislada | d | sup_mediana 70 m2 | calef: 11088 kWh | acs: 3102 kWh
8,80,0.8,49.8,48.13625,43.7,51.9,3.0,3.0,3.0,3.0,3.0,3.0,3.0,3.0,0.6,0.5999999999999999,0.6,0.6,0.6,0.5999999999999999,0.6,0.6,8.365377699984862,8.424286497165053,8.158632222467924,8.801840471661302,8.027117458568844,7.994304675745868,7.9229497261707476,8.058580439097181,4294.75,5390.365,3492.475,6652.8,3061.9,2973.81875,2758.9,3159.8,b,100.0,depto,53.75,depto | b | sup_mediana 50 m2 | calef: 4295 kWh | acs: 3062 kWh
9,239,2.39,49.3,50.84602510460251,43.1,55.0,3.0,3.0,3.0,3.0,3.0,3.0,3.0,3.0,0.6,0.5999999999999996,0.6,0.6,0.6,0.5999999999999996,0.6,0.6,7.125765678184599,6.335549009566132,6.014627159076457,7.695348628799183,7.875613267712699,7.313642104897498,7.730218731012139,7.95338864285936,1242.6,1521.6853556485357,409.05,2197.1,2631.3,2711.1723849372383,2275.1,2844.2,c,100.0,depto,100.0,depto | c | sup_mediana 49 m2 | calef: 1243 kWh | acs: 2631 kWh
10,224,2.2399999999999998,49.9,51.034821428571426,49.4,53.9,3.0,3.0,3.0,3.0,3.0,3.0,3.0,3.0,0.6,0.5999999999999999,0.6,0.6,0.6,0.5999999999999999,0.6,0.6,8.471436722684672,8.329364576770814,8.004304724102626,8.742173016337498,7.822685085216951,7.837395054723193,7.814803429489359,7.882050733142866,4775.4,4883.617857142858,2992.825,6260.5,2495.6,2537.5683035714287,2476.0,2648.3,d,100.0,depto,100.0,depto | d | sup_mediana 50 m2 | calef: 4775 kWh | acs: 2496 kWh
11,163,1.63,48.3,51.105521472392645,47.0,54.5,1.7,1.6999999999999995,1.7,1.7,1.7,1.6999999999999995,1.7,1.7,0.38,0.3799999999999999,0.38,0.38,0.38,0.3799999999999999,0.38,0.38,8.92435020078527,8.816550473814479,8.554026144187432,9.12303794831135,7.885592560507808,7.889902143376393,7.838422176800799,7.9976631270201,7511.7,7377.9300613496935,5186.6,9163.0,2657.7,2727.303680981595,2535.2,2973.0,e,100.0,casa_pareada,100.0,casa_pareada | e | sup_mediana 48 m2 | calef: 7512 kWh | acs: 2658 kWh
12,223,2.23,38.6,38.69282511210762,29.950000000000003,45.4,1.9,1.8973094170403586,1.9,1.9,1.9,1.8973094170403586,1.9,1.9,0.47,0.4687892376681613,0.47,0.47,0.47,0.4687892376681613,0.47,0.47,5.778889947143006,6.029468370450327,5.053971175982273,6.8958777641028615,0.0,0.0,0.0,0.0,322.4,816.3955156950673,155.64999999999998,987.45,0.0,0.0,0.0,0.0,d,100.0,depto,100.0,depto | d | sup_mediana 39 m2 | calef: 322 kWh | acs: 0 kWh
13,419,4.19,51.0,49.68615751789976,44.1,57.8,1.7,1.6999999999999993,1.7,1.7,1.7,1.6999999999999993,1.7,1.7,0.38,0.38,0.38,0.38,0.38,0.38,0.38,0.38,7.7417073361331035,7.435532696089363,7.0140914303055935,8.373359275139652,7.957947335047694,7.942319843574302,7.841139088282469,8.044080734770414,2301.4,3085.2689737470164,1111.1999999999998,4329.25,2857.2,2970.6071599045345,2542.1,3114.3,e,100.0,depto,100.0,depto | e | sup_mediana 51 m2 | calef: 2301 kWh | acs: 2857 kWh
14,180,1.7999999999999998,48.3,59.63333333333333,46.775,64.9,1.7,1.6999999999999993,1.7,1.7,1.7,1.6999999999999993,1.7,1.7,0.38,0.38,0.38,0.38,0.38,0.38,0.38,0.38,9.4098854416962,9.350257006825114,9.156392691948717,9.544774819428964,7.907982665728846,8.018059877917224,7.881860016752074,8.129150514599601,12207.5,11936.558333333332,9473.95,13970.5,2717.9,3111.210555555556,2647.85,3391.075,e,100.0,casa_aislada,100.0,casa_aislada | e | sup_mediana 48 m2 | calef: 12208 kWh | acs: 2718 kWh
15,281,2.81,46.2,49.51779359430605,46.1,52.0,1.7,1.6999999999999997,1.7,1.7,1.7,1.6999999999999997,1.7,1.7,0.38,0.37999999999999995,0.38,0.38,0.38,0.37999999999999995,0.38,0.38,9.153367823215191,9.030744947691671,8.823000013726565,9.255571830505108,7.912313265567924,7.949152905658742,7.9107373366349965,8.004064918587572,9445.2,9061.589323843415,6787.6,10461.7,2729.7,2849.625622775801,2725.4,2992.1,f,100.0,casa_pareada,100.0,casa_pareada | f | sup_mediana 46 m2 | calef: 9445 kWh | acs: 2730 kWh
16,75,0.75,51.1,51.61333333333334,50.0,54.0,1.6,1.5999999999999996,1.6,1.6,1.6,1.5999999999999996,1.6,1.6,0.33,0.32999999999999996,0.33,0.33,0.33,0.32999999999999996,0.33,0.33,9.21890360263667,9.183620418707243,9.098227168781081,9.2793629624199,7.9913554475297435,7.998010866139642,7.974085393729522,8.03378816322624,10085.0,9905.666666666668,8938.45,10713.65,2954.3,2976.0826666666667,2903.7,3082.4,f,100.0,casa_pareada,100.0,casa_pareada | f | sup_mediana 51 m2 | calef: 10085 kWh | acs: 2954 kWh
17,104,1.04,77.8,79.77884615384616,74.9,93.4,1.7,1.6999999999999995,1.7,1.7,1.7,1.6999999999999995,1.7,1.7,0.38,0.37999999999999995,0.38,0.38,0.38,0.37999999999999995,0.38,0.38,8.939619347422653,8.885920202572208,8.396188722320016,9.252656722589233,8.048500702250562,7.785963022278936,7.080026499922591,8.184793900967207,7627.3,8239.350000000002,4429.15,10431.275000000001,3128.1,2735.0048076923076,1187.0,3585.325,d,100.0,casa_aislada,100.0,casa_aislada | d | sup_mediana 78 m2 | calef: 7627 kWh | acs: 3128 kWh
18,332,3.32,81.1,84.7578313253012,63.1,97.0,1.9,1.9,1.9,1.9,1.9,1.9,1.9,1.9,0.47,0.4699999999999999,0.47,0.47,0.47,0.4699999999999999,0.47,0.47,9.467658480568218,9.490087654860009,9.26306017499207,9.726677898281846,8.172192692323142,8.158129116153917,7.9991750970687425,8.280026352843096,12933.6,14436.357228915664,10540.375,16757.8,3540.1,3550.4412650602408,2977.5,3943.2999999999997,d,100.0,casa_aislada,100.0,casa_aislada | d | sup_mediana 81 m2 | calef: 12934 kWh | acs: 3540 kWh
19,159,1.59,53.4,61.4874213836478,49.65,75.2,1.7,1.699999999999999,1.7,1.7,1.7,1.699999999999999,1.7,1.7,0.38,0.37999999999999995,0.38,0.38,0.38,0.37999999999999995,0.38,0.38,9.40150603742403,9.241219592456845,8.9490427662593,9.783359524270205,7.99930938383834,8.01999137694282,7.937303265040725,8.219257279108174,12105.6,12429.968553459117,7699.950000000001,17735.15,2977.9,3182.50251572327,2798.8,3710.75,f,100.0,casa_aislada,100.0,casa_aislada | f | sup_mediana 53 m2 | calef: 12106 kWh | acs: 2978 kWh
20,219,2.19,44.8,51.12876712328767,41.8,56.25,1.6,1.5999999999999999,1.6,1.6,1.6,1.5999999999999999,1.6,1.6,0.33,0.32999999999999996,0.33,0.33,0.33,0.32999999999999996,0.33,0.33,9.182712204858708,9.188368496546667,8.831169889541744,9.549728928747307,7.888334500738654,7.963378118908699,7.833283216208774,8.063786879720482,9726.5,10601.547945205479,6843.35,14039.900000000001,2665.0,2914.6557077625575,2522.2,3176.3,f,100.0,casa_aislada,100.0,casa_aislada | f | sup_mediana 45 m2 | calef: 9726 kWh | acs: 2665 kWh
21,167,1.67,50.6,49.24251497005988,45.7,52.3,1.7,1.6999999999999993,1.7,1.7,1.7,1.6999999999999993,1.7,1.7,0.38,0.37999999999999995,0.38,0.38,0.38,0.37999999999999995,0.38,0.38,8.147288258706624,8.20334743377082,7.792410255988483,8.763271761817098,7.983781068977451,7.95561200993639,7.903670169411904,8.009628910352617,3453.0,4640.171856287425,2421.15,6394.4,2932.0,2866.868263473054,2706.2,3008.8,f,100.0,depto,100.0,depto | f | sup_mediana 51 m2 | calef: 3453 kWh | acs: 2932 kWh
22,196,1.96,48.6,48.14438775510204,46.325,52.2,1.6,1.5999999999999999,1.6,1.6,1.6,1.5999999999999999,1.6,1.6,0.33,0.33,0.33,0.33,0.33,0.33,0.33,0.33,7.92284070289439,7.920658497170811,7.583552821206969,8.274490497048086,7.952615111650999,7.9328838893701015,7.899540263580331,8.007008998476984,2758.6000000000004,3174.456122448979,1964.6,3921.525,2842.0,2824.841836734694,2695.0499999999997,3000.925,f,100.0,depto,100.0,depto | f | sup_mediana 49 m2 | calef: 2759 kWh | acs: 2842 kWh
23,56,0.5599999999999999,50.3,55.27857142857143,50.3,52.3,1.6,1.5999999999999999,1.6,1.6,1.6,1.5999999999999999,1.6,1.6,0.33,0.33,0.33,0.33,0.33,0.33,0.33,0.33,9.486676091636674,9.474424171030947,9.443861885468529,9.54296234870781,8.011288771969316,8.056516276477527,8.011288771969316,8.041927743048797,13182.0,13074.778571428573,12629.4,13945.2,3013.8,3190.6071428571427,3013.8,3107.6,g,100.0,casa_aislada,100.0,casa_aislada | g | sup_mediana 50 m2 | calef: 13182 kWh | acs: 3014 kWh
24,119,1.1900000000000002,44.8,47.957142857142856,42.7,48.7,1.1,1.0999999999999996,1.1,1.1,1.1,1.0999999999999996,1.1,1.1,0.28,0.2800000000000002,0.28,0.28,0.28,0.2800000000000002,0.28,0.28,9.72661313311539,9.679676225471502,9.650419444600395,9.765904903701625,7.920010521993716,7.959742441331627,7.883182467079869,7.986436932161368,16756.7,16153.289915966387,15527.3,17428.25,2750.8,2884.296638655462,2651.3,2939.8,g,100.0,casa_aislada,100.0,casa_aislada | g | sup_mediana 45 m2 | calef: 16757 kWh | acs: 2751 kWh
25,3354,33.54,47.2,45.7876267143709,33.8,51.3,1.9,1.8999999999999995,1.9,1.9,1.9,1.8999999999999995,1.9,1.9,0.47,0.4699999999999998,0.47,0.47,0.47,0.4699999999999998,0.47,0.47,7.7830156612983,7.5449074884933856,7.01703533030736,8.389416634730914,7.79938439778543,7.833494738840974,7.536363938404511,7.894206200761917,2398.5,3062.9778473464517,1114.475,4399.25,2438.1,3888.4766776021474,1874.0,2680.7,d,100.0,depto,100.0,depto | d | sup_mediana 47 m2 | calef: 2398 kWh | acs: 2438 kWh
26,255,2.55,52.4,52.37019607843137,47.6,55.9,1.7,1.6999999999999997,1.7,1.7,1.7,1.6999999999999997,1.7,1.7,0.38,0.3799999999999999,0.38,0.38,0.38,0.3799999999999999,0.38,0.38,7.8002859632919535,7.695345733991116,7.094495173108401,8.298253074746704,7.81871180926559,7.811803878855606,7.7788394180182125,7.883031643204163,2440.3,2997.5874509803925,1204.35,4015.85,2485.7,2509.602745098039,2388.5,2650.9,d,100.0,depto,100.0,depto | d | sup_mediana 52 m2 | calef: 2440 kWh | acs: 2486 kWh
27,714,7.140000000000001,50.7,53.01638655462185,45.2,57.8,1.9,1.9,1.9,1.9,1.9,1.9,1.9,1.9,0.47,0.4699999999999998,0.47,0.47,0.47,0.4699999999999998,0.47,0.47,8.79828861947321,8.789004722331331,8.55472879067165,9.026623286172708,7.817222785508166,7.816204986634145,7.732237692372104,7.911027323803665,6621.9,7161.0568627450975,5190.25,8320.725,2482.0,2527.819607843137,2279.7,2726.2000000000003,d,100.0,casa_pareada,100.0,casa_pareada | d | sup_mediana 51 m2 | calef: 6622 kWh | acs: 2482 kWh
28,93,0.9299999999999999,49.8,50.84731182795699,48.7,52.2,1.1,1.0999999999999994,1.1,1.1,1.1,1.0999999999999994,1.1,1.1,0.28,0.28000000000000014,0.28,0.28,0.28,0.28000000000000014,0.28,0.28,8.35094968723484,8.354627029600373,8.131854187691662,8.621427072659785,8.00446576036065,7.754292005228109,7.984360512387156,8.039737867125353,4233.2,4666.050537634409,3400.1,5548.3,2993.3,2872.8741935483868,2933.7,3100.8,g,100.0,depto,100.0,depto | g | sup_mediana 50 m2 | calef: 4233 kWh | acs: 2993 kWh
29,219,2.19,46.8,44.45114155251141,39.0,52.2,1.6,1.5999999999999999,1.6,1.6,1.6,1.5999999999999999,1.6,1.6,0.33,0.32999999999999996,0.33,0.33,0.33,0.32999999999999996,0.33,0.33,8.220591456789803,8.090554898998,7.666951392349826,8.44626344266293,7.989187498440394,7.911806247365969,7.807693021527287,8.039737867125353,3715.7,3775.5205479452056,2135.6,4656.65,2947.9,2765.551598173516,2458.45,3100.8,g,100.0,depto,100.0,depto | g | sup_mediana 47 m2 | calef: 3716 kWh | acs: 2948 kWh
30,60,0.6,64.35,63.63666666666668,53.85,72.6,1.7,1.7,1.7,1.7,1.7,1.7,1.7,1.7,0.38,0.3799999999999999,0.38,0.38,0.38,0.3799999999999999,0.38,0.38,7.9239035419877375,7.899680323294672,7.699977377877446,8.025123894527457,6.773423566186845,6.674730442412709,6.51320021484817,6.84609261859003,2761.65,2785.5433333333335,2207.3,3055.7999999999997,873.3,813.2466666666666,673.0,939.2,d,100.0,casa_pareada,100.0,casa_pareada | d | sup_mediana 64 m2 | calef: 2762 kWh | acs: 873 kWh
31,112,1.1199999999999999,47.0,47.0,47.0,47.0,1.7,1.6999999999999995,1.7,1.7,1.7,1.6999999999999995,1.7,1.7,0.38,0.37999999999999995,0.38,0.38,0.38,0.37999999999999995,0.38,0.38,8.502789940520987,8.605328692749028,8.429235901209335,8.829010404006233,7.775989577440603,7.775989577440602,7.775989577440603,7.775989577440603,4927.5,5576.342857142857,4578.0,6828.525,2381.7,2381.7000000000003,2381.7,2381.7,d,100.0,casa_pareada,100.0,casa_pareada | d | sup_mediana 47 m2 | calef: 4928 kWh | acs: 2382 kWh
32,160,1.6,58.7,58.275,55.5,61.3,1.7,1.6999999999999997,1.7,1.7,1.7,1.6999999999999997,1.7,1.7,0.38,0.37999999999999995,0.38,0.38,0.38,0.37999999999999995,0.38,0.38,8.745817432729652,8.738387697905853,8.566225506741338,8.910129787989053,7.946299041184127,7.938416217997039,7.904445577924863,7.977830909508058,6283.35,6372.111875,5250.275,7405.825000000001,2824.1,2805.661875,2708.3,2914.6,d,100.0,casa_pareada,100.0,casa_pareada | d | sup_mediana 59 m2 | calef: 6283 kWh | acs: 2824 kWh
